cookie_id,score
ck_315fb710a0e371e7,0.004310252322949026
ck_a76ee3b3e3e522fd,0.0996435791403022
ck_94c9a4d382689e82,0.03407401771661468
ck_8eaf9509ad9462a0,0.0025116664430545406
ck_9a88a5a989cb5bc6,0.012235017021259753
ck_15239ef0689c1a35,0.03000912163407978
ck_8de69cd219d3b87f,0.3304471630339653
ck_f92cd37022b0ce21,0.025925506836657397
ck_1a3ff7620580a514,0.005108711288392831
ck_397c03aa33a57310,0.2074853148640115
ck_a7cf6c3b322f6b7a,0.0044583260736643735
ck_c39a9e75760e3201,0.008358248841565299
ck_88ab6d245228c38e,0.002933028686594901
ck_17733f75ebdea93e,0.012017415463450734
ck_58eb871e8d7bed52,0.03530446879250108
ck_e55b7fa67db1ec27,0.004646298069412726
ck_62f5cfe22c952694,0.006781347374451966
ck_7fbb709a0fe95759,0.003947712046374814
ck_87abe9cd066a20fb,0.053031606687666134
ck_d58e058b5c553dd5,0.01308353341404953
ck_d27b872648b71202,0.007060022291235042
ck_4b4a3c5b95c55b43,0.002551964600587961
ck_66dd4f4b4127256d,0.0035429378281687956
ck_93cc12703b500613,0.030492218018735254
ck_d28806a2179092eb,0.9734412836527147
ck_0595c2a0c7881e05,0.012837683026181584
ck_50087d8666191144,0.16027716106193643
ck_b08b3f089138c901,0.012287775560157324
ck_fe3b67041dad2dd1,0.004024037594633418
ck_8449a28f7d475d93,0.044696754979419356
ck_8642e3b6d84f49d3,0.029327995799735107
ck_e49b5e4f2f2e79db,0.6491285346408411
ck_437afe412ea4259c,0.0764958456460534
ck_569b83668d74042d,0.523946941813103
ck_233a487d31c3e631,0.9763344057298096
ck_1fca72e03143a645,0.9267000159336567
ck_79205e31223df2ad,0.027594020130218118
ck_9625a64406ea16e3,0.006531006174664498
ck_079bd18dacb704a8,0.2433218656445709
ck_4db6d4fd2b49aa81,0.02264339922088784
ck_0dbefdac0a1868fb,0.0034712920084873254
ck_24ff97ad90bdd69a,0.0793710637337934
ck_77f8c5042065d506,0.018964168600865545
ck_f11be8ce05382cec,0.012496553641448265
ck_c9d72140b0389216,0.026061582884272905
ck_69eda24e931fb36a,0.003306490980833797
ck_ed471e496916ee15,0.004748880423062256
ck_ff090498c4b17ac3,0.00962425213345062
ck_c3c19d6a0720915c,0.00258068986468897
ck_af02e1817cfa40b5,0.0202969952209382
ck_2df5a9fc87553eb1,0.010119352236782035
ck_4ac918e884cff336,0.02509143164205532
ck_ca149244b54ef3ad,0.002821993936698946
ck_6babe5b8674ff51f,0.014725162375469752
ck_1573878386886290,0.011018381303318708
ck_3925f8565abb7fe4,0.006164072634197729
ck_c4de808ae69c771f,0.0014639483269793623
ck_a777c813551281fe,0.0052910979108397255
ck_df4424f6dd85080d,0.05529531986466312
ck_85e5494ec20383ae,0.018895227185692202
ck_f71a4094e889c3af,0.004753269557871378
ck_f2f3cf9cd23b2809,0.05348752452378233
ck_18e2076397bcc211,0.04793483286498143
ck_c9f9fddef39bc664,0.11951546926694999
ck_7e826e233d6ea028,0.014169469440221271
ck_62fd7eb46bee9210,0.02422207878977309
ck_206f8e3cd72768f3,0.015664062254543046
ck_aa295a11b0a6ab36,0.00830194269977857
ck_9a56739d81f84a53,0.0019358499380506056
ck_aa075c418ed9fe5a,0.0073621094135076955
ck_62b9fb3db284941b,0.007102337208259005
ck_f4f83b1403ebea46,0.017458166013416213
ck_16b66bd803288bc3,0.14628210229936497
ck_c4ca1434f3778f1d,0.9678512785365471
ck_1b823610371a29c0,0.013058530588903453
ck_c2bd5a722aa637d9,0.009806067875510404
ck_7890208951df34f0,0.03572370253539214
ck_020eb0e454524ecd,0.004211324406061009
ck_3b66196ccf436c35,0.013188598869369319
ck_109fc467ec0a4af5,0.0624297614722263
ck_f3dcd818db92de7b,0.023853296460010158
ck_31e7742f160980ef,0.012211758291788223
ck_77fce5f86f00b8f4,0.30512597214649584
ck_46bc797b4d07d607,0.0037997004188911653
ck_37899b1b571b1c6b,0.015533532911370666
ck_ef8a6af43fedd464,0.0066637949404882366
ck_bcc8519fe8521038,0.023345663898056552
ck_90696b7182dd9129,0.010364002105129092
ck_4a24ad61d017e1ba,0.04387518954766258
ck_0acc3d8c67218b9d,0.007241285285336259
ck_05c97fc9de11aba6,0.16176209963606708
ck_f8ac3a0500c0ec62,0.021848227286122648
ck_617b65141f546a1c,0.003720605607815572
ck_9d00823bf60388d7,0.03638338808029704
ck_123c15d93f1840f2,0.12613973753994223
ck_573feefba6bf78bb,0.055822277500647464
ck_b25657bd16739036,0.010724996317960011
ck_bd26d2bef14a8597,0.008318071965330277
ck_a553418f2fba1440,0.015347551765418362
ck_89f3e380b0686963,0.006242828664250576
ck_b359192aa659bdce,0.10478574723567835
ck_02241f3dc301bebf,0.009841162513648728
ck_5ccc1a1c78cb33ee,0.056448952475835736
ck_349cc5edda1b8853,0.05466122832161321
ck_e9f228845bf6e28b,0.058807452080563906
ck_0a45d033d4e280ea,0.03636752798455705
ck_7e63168dda612235,0.007184424933065808
ck_676fa5f6aae5475b,0.004878305861391514
ck_74b502b20690ccfe,0.019748605559757326
ck_073509af21dd7f5f,0.4218445208507534
ck_498a0acd450944d8,0.003009801984495947
ck_7f15b50b29dead01,0.019159959138242696
ck_8089fe7403c5f537,0.018670794542664616
ck_05b2b04e11d9ae9c,0.018571435797275423
ck_31e70f2f04b48b88,0.004017377216239303
ck_994316fa5a02b319,0.0018741751801944872
ck_b76510998b9a2260,0.025078940697621357
ck_4db95c310e105d30,0.0016420590829609456
ck_6f730b77dc6cdb84,0.011336292244148382
ck_2493ee8e7b91d304,0.04870642734164792
ck_92d679d6ac7dcdcb,0.04155832987568285
ck_3a0e0200cbb185cb,0.022234664062989747
ck_0b2eeb4e00ff7955,0.021295152960668126
ck_9843d0e61c37ebe8,0.9383362099249345
ck_e61c8721e3ef1921,0.005971632067545892
ck_2e0eedaaf2980c2c,0.013307200708697951
ck_9036b2e5e9298a34,0.006367669685736987
ck_3265442528d51728,0.012924557264321325
ck_f2ddae2eb1cb29b4,0.02051785866216818
ck_6cfa71d27fc27f92,0.015276207903560993
ck_f3199fbe84a28b9a,0.16364536222453357
ck_b78d785ca3ef773a,0.00660410593538329
ck_374865697f1480eb,0.010988552674214634
ck_06d0e4a9189302a9,0.026550146116993505
ck_9c9884b9bcaa552e,0.10114664038710447
ck_fd4cf578e87703ff,0.05894332323538031
ck_1917ef3e6e345549,0.06334916415145321
ck_e70418b00cbbbac9,0.05660660536334916
ck_a60388296a47062c,0.07167479401562037
ck_d598fe8d2c779ab9,0.011234499012984001
ck_646dc03de4c31803,0.8728938284611621
ck_e4fd8cbd842b6993,0.00673477308308028
ck_2225b555aa2a42ed,0.01676032813786934
ck_6be8ae9d78148882,0.01349698009696007
ck_4199342d3aca74e8,0.04629062365113457
ck_779581adb573261f,0.010001730555977402
ck_bb303568b6915205,0.09576461282362715
ck_17c4296276448afe,0.016096567364765908
ck_a60a61ac829252a0,0.007846971859556066
ck_6ea70950c1cae00b,0.9050648464994796
ck_1abb93f6924645e1,0.05113440562552942
ck_faab769cce19879a,0.01812150524740456
ck_d5b8e74e7ca6355a,0.020221184112497393
ck_f11f7691af16ad07,0.00572414126198484
ck_188fdf2be7c92e9d,0.9574039814784687
ck_4a103f8254b366f7,0.011773170011359734
ck_bfa17a0b1760e616,0.006496406379570815
ck_a4d7f6a5869d440a,0.8939841239469364
ck_58e20f5a3e7f11b8,0.7556538218123392
ck_4becdd3d2696c7ba,0.01580861415887935
ck_dad5cf32ab9f243f,0.011865753291885689
ck_7d9f73dc7c4f90c3,0.18065772125175855
ck_c19371047a2d011d,0.004568730358021243
ck_247589ff532f7aa8,0.008281428900268664
ck_7a9f241d5f082567,0.011710107737996587
ck_0a2b7078736b4dda,0.006190430157587578
ck_687b412e2aac7eb6,0.015011306193047746
ck_fce0b6855886a0b8,0.03928114684194152
ck_e291cc60920456d0,0.5065910939650359
ck_04219a7ea798db51,0.02851927590250442
ck_286bfd719836e9f3,0.18701590386895225
ck_55efc92394fee232,0.016676571866069242
ck_e36c8da1bd359960,0.0285988324318622
ck_34b0988a97d96902,0.004791780630535306
ck_e0fb11fc9dcb34e6,0.009545497919303243
ck_bcc9cbc9ed8b7c31,0.011714721470516616
ck_3df8da6f60a89a5b,0.026024985483229457
ck_b1495ee5c59a6b28,0.018130942588240023
ck_58f4c3ac61fda129,0.07981726904145989
ck_735f244b99e3aa8d,0.012423164003575097
ck_6b93bd8abf87b1d6,0.8674761452750159
ck_12107dacc6d05bd1,0.002834055103073138
ck_f96db2a1f3448d1f,0.014634585088798948
ck_8fd91a3c99e19097,0.03036361026837075
ck_910205d25388a0ae,0.003023369537073225
ck_d229dfa0e4442628,0.002667644950715709
ck_7cdec61e1c488798,0.14509032306072325
ck_f66f06e24ff32671,0.05832059050980827
ck_350bf14e90b503f5,0.012240759723647776
ck_61fff5fdaadd394b,0.0047966636279882435
ck_e934f984bad2ff91,0.4460032486849264
ck_ff6a6d3547dd2d37,0.047557879918992074
ck_65ad9b15979e3247,0.015057868177168948
ck_bbe1a2ea5a403ad8,0.41528452237440006
ck_6f3a28eecd2c4031,0.014611828134490027
ck_a89b66665714058f,0.015314485623849024
ck_918c92182b6817cd,0.032213148511812846
ck_64f5eb4be9e7b8fa,0.16351843210799166
ck_d021fd497ea35fb2,0.01903987859983686
ck_004de16f7d8a42ae,0.022271336391297584
ck_a33d2325f86ab12d,0.003404460643781551
ck_89790ff26c844bc6,0.009979213858965446
ck_e6e7257377c37b28,0.07392790465177536
ck_a2cc3910a641a808,0.486961725507996
ck_646e270e0195bf05,0.010353719179496474
ck_baba5d66def0d770,0.07084829102789057
ck_67cdcdda3033842d,0.07092839395240924
ck_b5c3075c811a2216,0.02998903503114926
ck_515379973a8044b8,0.016182138464815466
ck_c0ce85fb4109567d,0.02029986005052532
ck_fef850553862aaca,0.006094630952561968
ck_55d7217b0aff9fa2,0.007474177669461103
ck_8e139f8925ef7968,0.02475747193610374
ck_9e35b908fca1e4d7,0.002521392623596545
ck_59735f4ab2ad3da5,0.03112725076180923
ck_dc569c1167ccec0d,0.43865594737791497
ck_1dade5592f90a15c,0.023408715153677533
ck_793048d11fb8b328,0.10966564156452616
ck_545b71eb4fa594b5,0.006321769564129783
ck_bd30853e9a57b544,0.023537798154916984
ck_59f46321ecf6d306,0.03078225127188624
ck_260cfe9141d249f1,0.3199209041860408
ck_3365a0ad1a8aa83c,0.00502247936121848
ck_b0ef193195a2138b,0.03062166620641715
ck_0f909705e2e60f2f,0.0018983239321812785
ck_5a540b75c866166a,0.01377019964421275
ck_87c26b2f41025109,0.8448125748147747
ck_27acc9f320cda104,0.3917051050978485
ck_a27bc31eecd9cb9a,0.008956973663472976
ck_115d86fabde77b65,0.002598304136264734
ck_eeca179341d56f8a,0.30125731526859223
ck_8e5999c436cf037e,0.003015097651356826
ck_510e7c5df1f95d90,0.9392561046689442
ck_f1acf73363925958,0.010162421834545165
ck_3c177f5970b68bd3,0.02942235392096167
ck_9cdfaa1c30cc9d32,0.005370349745166916
ck_c8efa1538b37c359,0.01079164918817587
ck_a8a2e296f9804bd7,0.029002614393247278
ck_91a0ca45f429568d,0.01892653487085729
ck_5fdf8a0bdbd3ed62,0.012805472104737222
ck_0f4e2ec66d50da5f,0.008764083612270983
ck_28c53b214b2ee882,0.18818122158238787
ck_003148504557f720,0.09374165793896201
ck_01d840cffb870615,0.41654853130082986
ck_555848d51f4b5f35,0.02585619581608274
ck_df20cc23b8fb8e22,0.02319591216617229
ck_f9604adde929beff,0.0075913624825360996
ck_d66952b03591bdec,0.00783800184164477
ck_ddcac1ab765ff61a,0.013946943974383208
ck_347386629d96c664,0.011589538123483659
ck_ab01db9117acfe3d,0.02316213048155328
ck_58e5359efc52e0ad,0.01136597860943811
ck_1a524b5cc8da71b3,0.0363475842333471
ck_e9287b6d909d731f,0.015348458595551718
ck_bb41a66e3d90263b,0.08415431921327765
ck_e95c8cc1864bd584,0.008976143231787252
ck_7a3f2961e9a8b6dc,0.010308351529675708
ck_378a9df82b1e0bee,0.31316378272269996
ck_42633573639a3f02,0.945962974977304
ck_2a5a4c18c2c7274b,0.020437478454746052
ck_77549c1a41f837c3,0.014468599513741288
ck_a26704b5b26258b7,0.02027501476143253
ck_9874ad160efddf50,0.007900324392780635
ck_9111e3a04b14dfba,0.02129345504067573
ck_651e076ee43aea85,0.007964130757543384
ck_391639c0f13932f3,0.004310044679815389
ck_02dbabda93c8c13d,0.015569689771995023
ck_0adcb1fffcb0a34b,0.02569049942558608
ck_7a43ef9c7b1c67b5,0.011260137102666554
ck_4b9dd69946438d0b,0.029563977016566077
ck_90bf017cdd37b66e,0.03129697880757044
ck_61c74163eb36556e,0.010268310964778307
ck_13376c59b5bd6943,0.0029727327602829196
ck_62337eccb1672737,0.021020703624954413
ck_16077934338472bf,0.005574551285987282
ck_0d4dfd93086e7330,0.014110348025029267
ck_3865b7525b910893,0.012562157580297356
ck_7e2ae8b69ebd5675,0.018461008217282523
ck_b4384b6c11766ce7,0.008418554083843809
ck_3d7fa32dfb9fc692,0.034508555044169296
ck_f4a6a7cadd6e0603,0.07528709861463816
ck_212525e2828a6c45,0.0070270026048523705
ck_33ad8d53394ba77a,0.5191410723896361
ck_a5051eafe8b51224,0.007339611117512469
ck_f65e5ff7da565f91,0.0062080477108970075
ck_5c37f7563fa7591d,0.025546957181132965
ck_f1e0a006068aff29,0.05782443398872355
ck_c646cdead6fb79d0,0.007227890296596027
ck_f8b3cdffef535330,0.07025765311630945
ck_e5cdbe3aa12c97f6,0.011485216944604701
ck_986e4e61440506d0,0.036584454028166624
ck_6da9c5912e15d9a8,0.007882227074168613
ck_51d842e6dae74c71,0.01030360840873569
ck_5fc65c24e0736d5d,0.6689201949944049
ck_babb95a76c69509d,0.09587584517584995
ck_86a2d852a9715432,0.026876763296340245
ck_db4083a0d043def8,0.12364212434049712
ck_96953b8945b7d403,0.024268033096527444
ck_7831ca5c31fb3859,0.14823344431615082
ck_60ac5e5f375daa38,0.011975533129277086
ck_05d44eb1f5f085ce,0.019791958436987698
ck_432cc19c7eeaa46e,0.016935899093873042
ck_7fc513033af061af,0.19595668245008013
ck_ada6ede84c111719,0.013738531770117223
ck_6343e0d3b1c2962b,0.022158055656964163
ck_010264ae04f2e902,0.1102434332630194
ck_e9dcf535f8c289eb,0.10570318492100039
ck_37143d9cc296e6fa,0.04350411936427706
ck_61fa051192f3e810,0.008780062648243273
ck_f9f93d1d41be1468,0.7558578615597523
ck_c4f4f28457be8a74,0.004603902836963996
ck_323a71f9452d21cb,0.33817034894234915
ck_170f4688e0acd875,0.19995220315851284
ck_869b1878d09d230d,0.2388025829303142
ck_2f6b33bf46976229,0.00988499540164426
ck_b11e22e75d9b99de,0.0033059957569173547
ck_123d75ffb75b606d,0.009083909613348314
ck_94295287a04c85d2,0.09391885913370403
ck_1b0434f096795328,0.0033643972692236107
ck_0a4e191cd0a57ce1,0.007902877295912127
ck_d2fbd0df99634676,0.013057392899777719
ck_d51df5e9fbbbcc94,0.01934161707160708
ck_2d3d7d64a6f443f8,0.01720131469208034
ck_731943c682c9394e,0.013903562913951147
ck_5ccc0c94e5e1f849,0.033920099995150846
ck_c3476080516db25d,0.01750795964201215
ck_5010ffb1c94187b5,0.006392035195837946
ck_7ef666d67bc70223,0.015100587864545415
ck_c1b493527224a27a,0.004470690852636822
ck_5d1e25d7acc5af9a,0.03221244441499221
ck_ec30b61cbf517db8,0.004181876122752994
ck_79323eb5d2e5efae,0.007905551994002988
ck_4085cd3bf2661518,0.02102131663495274
ck_2ca91214c357c072,0.16741962781901581
ck_7f3132d6be389657,0.044874117799540515
ck_e7a6b925c8f39a85,0.02724022872688595
ck_c886adec7bac250a,0.016918300915901033
ck_c3f360c2d0ea0a37,0.012498134046041911
ck_a7acd5b015823793,0.05699895718148284
ck_9d64187c0800f84e,0.0387644263250294
ck_5d4ed73b9efd7d11,0.009986784031666422
ck_874eca6776b34dec,0.005914985212897733
ck_96a9221a87be93c3,0.03166850297912638
ck_68dd79a51eabf5e6,0.09736653295075484
ck_8311cb6755b2016c,0.02712056194070879
ck_16fc77b2bcf5ec03,0.8154688796012337
ck_ad9e2088a33c8c72,0.003169113236822307
ck_7176bbc97b1e42a1,0.006192039285328058
ck_80dfa54b30f65fff,0.4467250394309101
ck_31c54d540b128843,0.005043566311753804
ck_43ea894480567274,0.030759757337460593
ck_9c9e8a38bd5a6c88,0.01953353585366397
ck_1c2dcae19539e148,0.062300650670674855
ck_b0fa8b84e94d8ae0,0.015762520213657163
ck_4ceb43ccd0a81c2f,0.009107445841537264
ck_ba845332b730b596,0.0042267854815698025
ck_73d3e8c6077f61e6,0.4120820245402805
ck_b5d0d223ef56473f,0.025873258913354506
ck_949f08f8e80e93ea,0.00357394264360336
ck_73de0b49709e5f8c,0.00429225384373759
ck_b5935e9722a39819,0.027927679971216625
ck_96247fee0eb44420,0.00532756660801358
ck_a6def1e4b2d57e0d,0.016560308017570538
ck_aecdc5a96321a2d8,0.018708524769299087
ck_bc61c59970f8de49,0.010355639519962932
ck_c43b4175fc9ac5bd,0.7999262647006752
ck_8ff7a9b23a55fd62,0.008315586670709542
ck_20c99b645f462449,0.010319716815454844
ck_a5ce2ae36fb410d9,0.005772572590259024
ck_96fb9bf556842bbc,0.019950717508421506
ck_b5e4c6dbbed1b773,0.013702224360043145
ck_2085433978e72ea9,0.06880809955711448
ck_2c6b174b063ec637,0.014734632245119932
ck_b20b81b88dabe28d,0.00978374939220721
ck_243c18dbf150831c,0.004559365766571629
ck_2bb6a17e8eee35cc,0.03128463680092574
ck_66147fb994495396,0.5359438218875229
ck_73f124f075ede0fc,0.013140560085642954
ck_2e315f1b1e533dab,0.00766303149003054
ck_16c7bf94ed3e7a6f,0.0013952948590590434
ck_4a0eae220a762ac5,0.018864569804067397
ck_dc16f939c2f44ad8,0.125628626487738
ck_817926b449754917,0.011530450207299885
ck_0c0dde42ab64ef87,0.032881841106180754
ck_cb3a40594da6a2ee,0.031361542007361555
ck_d0dc156441fcfdcb,0.02310292428144867
ck_66f0945add423e9e,0.013136668183473187
ck_a74f6a3030f5d495,0.06857951890815149
ck_1ae460f331e49ae2,0.018811764687565936
ck_2d177b2f4f0b40c9,0.39080379665327786
ck_92e474e4368c4791,0.012214329204777346
ck_3dee83fa2d109484,0.0030262533700909874
ck_80e5ea27848069fe,0.012213204629099878
ck_ed0c4a83701ca230,0.028812993185685233
ck_0b8b7c5c581fd161,0.004117312934769662
ck_60bf8a2870956fb1,0.015248352237409004
ck_73a54b56a2bf35fe,0.920947019337942
ck_2296d7a563424883,0.03944786749670144
ck_bc19c383560c7477,0.006800467019401587
ck_861d8e3d88f1079e,0.06030524615462119
ck_3f090fc96c24eb28,0.00450437944135465
ck_9a6a1f8102febfca,0.04033994497404631
ck_541b6ad5d2fa5a39,0.0134663235148197
ck_a760d38d1bc4de97,0.0037251839345096363
ck_7dca4d7ee10b4eeb,0.005936041788588515
ck_15220e78d1545e40,0.028448494093980974
ck_ca24bb0de508efb0,0.009157076791272208
ck_56b389627d8f02c5,0.8110753573291594
ck_48a6754977a44db0,0.006492031653603443
ck_333a43ec339a04cb,0.0347522321761736
ck_f22aacaf86a65d7e,0.08934679848095257
ck_04bd8a1ffaf3ffd8,0.00605087775540639
ck_2737a72de6b700f3,0.08187099315135936
ck_c35e03b0dd0c3454,0.013233858102759078
ck_e0571312f395cd94,0.01955438313599895
ck_09fab6b9825001b2,0.004031577495714578
ck_18c3a095606209e8,0.03240800742316673
ck_2a97db9377d01e36,0.008727963699494806
ck_f29dbbfdd2786bd1,0.010549767599797895
ck_35d6c510ad29362e,0.1814271382304853
ck_5468fa99c945d785,0.026389195451119212
ck_6f8102f62c876cc9,0.09209020237529172
ck_91955aab3424ad16,0.012857139735804038
ck_9a43c0c73a39d759,0.06125658302134876
ck_60b023af6d1e30bf,0.7478424019036971
ck_9704c5cf8659cedc,0.017576747136701588
ck_7e5f02b51b9f78bf,0.09571848014876072
ck_7d3a88d1aa649708,0.8845463014611524
ck_8250eddc1ecb07a0,0.04568693044125247
ck_d979ef95ee44023d,0.028825710857833694
ck_5e5461dac83531ac,0.03132619505275717
ck_d1bb8890081e0a31,0.02173217440761603
ck_32246c62640648d9,0.004582021269585361
ck_77a40c7d2f862a32,0.023756004090241055
ck_1c8b94efe9238f5b,0.004769754945815688
ck_eaf3b6d11bc3cb11,0.004200844382593942
ck_a4a7ef3ad799c380,0.010187057125881136
ck_d5bd8f68da073cd8,0.020403003106908492
ck_6e6258227fc8db7f,0.0034896421876796707
ck_c35d444e05799db6,0.010463503171864012
ck_74665e1209140ae8,0.025578722461172064
ck_353a272478f7e903,0.007231338997210008
ck_a2c9796ea229a4e2,0.005137158545054487
ck_e0171f91cb3411fe,0.026821621489101683
ck_703499f5410280f7,0.007409875914842487
ck_ae3a763997f8f385,0.03130366244308878
ck_f7ff94c3df5ac874,0.025854262017148362
ck_f3c16d8f747db046,0.034480484947182366
ck_7ef019ed77276496,0.00506652976216148
ck_d6a4faadab58a3de,0.026432592178541072
ck_ba7b78d31d74c794,0.01954736305332141
ck_36287d063350ce9d,0.004480705117107089
ck_5177fc7137ff26ce,0.005470957953913367
ck_dfd4e79aaa967b63,0.022040947864075656
ck_fb44d15fb93a7157,0.025414030909557822
ck_fca478361870a4ca,0.03798694635789663
ck_e57b94fe57341058,0.009946799979807176
ck_5448c946cc4758fe,0.011652790513336871
ck_c5ece5ffb8800ad4,0.018682847847708944
ck_11cb98211b2ed134,0.847011934237888
ck_f655399ac75c4450,0.020499887907923925
ck_c817259019588d30,0.016766373567419657
ck_8740a14d8096c6e1,0.026042934863580402
ck_0c5ba86f4e05b38d,0.01124824625625895
ck_ccc917533d4b73d4,0.009874269151525101
ck_9eb80edfa43203de,0.012960490572820636
ck_d1a1cf4cf61d6801,0.017227481324163792
ck_b17c239f160e6017,0.023222842569853953
ck_410c3e13b48e0415,0.01028280545852718
ck_ab553954435e8854,0.9385845883656093
ck_bdbb4230c91e1604,0.031149239984566392
ck_8fd4937eadd64fb6,0.009074096477436988
ck_e0e90b196bef3c11,0.002892013844897838
ck_3dc4d464386f0eb2,0.2420075297912463
ck_51bbbf8f8e8ad005,0.9514335125327039
ck_c05737ab74cf03c6,0.12318859809411796
ck_dceabbe04d99afc2,0.008361560038633063
ck_5b86fd14e85bc9c7,0.41018573894198423
ck_d4febf0083800424,0.02961997468792436
ck_77d9f86dcf251739,0.023107999508592575
ck_b4dcebc543deaafb,0.029083102276735783
ck_cb856e75c949b0cc,0.001225704442469597
ck_61b067de8ffc1ca1,0.03984596400808829
ck_c0e8560ccfd9dd9d,0.02116728492164076
ck_173e1198c341087b,0.009386674029519688
ck_b4d55bc809000276,0.014298402699738672
ck_839bf139296b5cea,0.009686089689565908
ck_78cd402a2a4f2e35,0.004684940170221869
ck_c2925c50ebacbdba,0.015348458595551718
ck_5e3bc76eddbdb0a6,0.006848705777612999
ck_b7793edca26fc512,0.021546434048505696
ck_d79bdf04d6f31cd5,0.004234577575228164
ck_4b97d19ed946f503,0.035122339620062074
ck_37139b41c5370523,0.03095201306094966
ck_8c346eeefa9ce692,0.034537232493398386
ck_2ab7eddee2d8c49e,0.005101543777371049
ck_29da59ea3bffb9d8,0.06616057111544127
ck_c1d05ef0ec6e4be7,0.010227848251038849
ck_3882423b449f6291,0.7571611545479199
ck_5647030283171ed5,0.7587584340127322
ck_efbdcd9c181e72ca,0.031880657471913446
ck_192fdad892782daf,0.1330328321724478
ck_0bf2e13b9f2601ac,0.03550713195490619
ck_3d6046a533057795,0.015535810102130225
ck_279a1d3a3836e5cc,0.0543972745126714
ck_c375e929becde422,0.012522629842380707
ck_a59e90219939a1f0,0.02642711747962787
ck_4e9fba1ec54c3ff8,0.027316121906110255
ck_bcbd8588a13f5eef,0.0021144694708017013
ck_5f9a7ff990341bdd,0.002516836851885846
ck_e0403d507519b7d2,0.008134386696117999
ck_c9490cb61aff5112,0.033664449916445495
ck_41dd44308e6a665a,0.17224107329755461
ck_76c23726cd7ca947,0.010109071648671636
ck_9be551300209fa83,0.01002011217931727
ck_a98848eec6c9581e,0.05076312843865516
ck_61176dafb33b2d8a,0.5085478366413743
ck_92de019e05971ce3,0.026686522836034697
ck_5d644224135d7c65,0.029093311701006413
ck_c767fc454fa215d0,0.009066266499914022
ck_5df85a8924e11f27,0.026955975607148682
ck_da2729307af06ed5,0.04974183541699178
ck_7c6b577174af7a78,0.02040222163681577
ck_893b8afbe11301e1,0.010013995848584256
ck_e06f6fed020ae014,0.01044546437038474
ck_386680372fb54857,0.008957313234571905
ck_7a7f3c4fe0c9d2ca,0.009358203064187677
ck_f908b527c4db422d,0.058581522767078134
ck_ec2eee6a133e9a6f,0.029200603037096408
ck_d98934f9fe0b02b3,0.0034987047745930503
ck_398a1ed77b0130e5,0.017535341388549175
ck_d960af7a55b892b1,0.009664514444922357
ck_4637e54a9f79e2e7,0.012971911161508268
ck_02b9f418524f6650,0.020736794949986908
ck_d4b23804cebb045d,0.02627190780342937
ck_35b1939c48182a9a,0.013669114396231696
ck_2dcbb71e39d64305,0.03798671202244182
ck_47a884dec960ff2d,0.006557228468630964
ck_71fd8c346fde5cca,0.04944256663355015
ck_98e1992ac8e7d2de,0.03157694227006632
ck_ae7780327e210522,0.01901412107401835
ck_e6c584b4b1ad6d9d,0.01384157795554174
ck_344b2e326a6c3dcc,0.0052256096219696615
ck_9aa899a5230b0963,0.06331553741374281
ck_e48d14d5b70ef5aa,0.03258979659586433
ck_59d380a0973b3951,0.017330318303415644
ck_11318f7c041a5ba9,0.007114304128342837
ck_7061786fe2f22f5a,0.017235870954983776
ck_e77529651c416cf7,0.019664311771654435
ck_7f79878197340435,0.011393452205749097
ck_b0a0fb0ee9ebf106,0.006878160244869543
ck_70c7679199776a90,0.026059595050933117
ck_b9facd2210daca5c,0.07357287284274194
ck_9949f53c155b8dde,0.018531676952849893
ck_1c607e24f2c4397a,0.026886584872107974
ck_aefd1ce3ce093cbd,0.004067186138621019
ck_5a29b7018e43280c,0.0022389887787560908
ck_69eb0b2ccfbe5f95,0.03719820759413971
ck_fe037765aa465c58,0.05690111863915958
ck_5e512ef5362a3dd6,0.011634815271904244
ck_544a9e80b7fdc279,0.003897357536178094
ck_7825494e654d5695,0.02102694492800252
ck_f1f2c3c623553f0d,0.004596076928593366
ck_52730906e5b461eb,0.8786445328356043
ck_01e0689157fe9617,0.33682272571697
ck_9da82e567074da9d,0.06869073105892119
ck_6a17384072f904c0,0.017553305051444534
ck_8d84d771a21942a7,0.006776700374023982
ck_39638880292782a7,0.022829997578441397
ck_7d51c86e0eec72ac,0.037201639805817005
ck_45f4c821c70d134f,0.6608479413146977
ck_0af3c13ba56ce57c,0.006021871046536661
ck_0789a05e061b2784,0.5669337593065772
ck_6ba091eb42ffa9fb,0.09624025107027911
ck_265accb3c5c32620,0.24549754295248896
ck_179039559ff7566c,0.01568966383895872
ck_17c0a6a92b5765cf,0.010452832838033489
ck_59371c9140239fd7,0.01199198651246332
ck_f9c4f8b4ce2691f0,0.035565148988601816
ck_a2637e4872cf4811,0.19342605051552475
ck_1de43fd6c6c22a5f,0.11094972234036153
ck_6e4f31bd108571f0,0.0034259509240645723
ck_da06d97db0b18851,0.0034355478851596467
ck_e0346d5081e640e8,0.029825975493862532
ck_c1c7d4e62c9fcded,0.16019302139598834
ck_2595669e421299f6,0.025787308334062852
ck_3b6057d51fd4c7d6,0.010458398016624229
ck_c5f8ab515840a0fe,0.03184684497894038
ck_435cb24538c6f77c,0.03158925978724049
ck_d84b5403da4cea7b,0.01928213923561038
ck_c2b61a98d1c8f6dd,0.71453083513051
ck_c9dcd92b2f836b61,0.17062549353598488
ck_9eb5b3f5f672c2b1,0.0063483276608181744
ck_e4cf189a8d31649a,0.015466754723329994
ck_6b114f2a48152b96,0.004301427902089365
ck_3fb95862b70f505c,0.04617669390419734
ck_7f780f465c29398e,0.014032274766258289
ck_ee387f9da79e67ea,0.028927618718311725
ck_fa3b1e85d27af2ee,0.059806519100232526
ck_e739eaaa7a1822f2,0.024927043151385716
ck_dfa0ac11fcb1dabd,0.0051829529454908195
ck_6e8751b571ea54d1,0.021734289922807737
ck_2d695f8358383092,0.028046554583127895
ck_e7dce27edb700f27,0.007583675511795073
ck_e322da8b213eab52,0.01503274168476257
ck_d0b32e039abb8200,0.007303220614305502
ck_b354003302b272ca,0.009057409984253719
ck_f7485cba392bc294,0.19298199282019474
ck_d6a290ff8362c7b9,0.14584291990947132
ck_c56a44fe315c0389,0.011635835192439041
ck_f77dfe6512eae322,0.02791367851957366
ck_35fe969c58b9e70b,0.036868735795799065
ck_4c518637db2322d5,0.08261465672195366
ck_cb61902798ecc4fd,0.04532470039395376
ck_56e6cfa32156a916,0.015466754723329994
ck_343e6ed2b9d35c01,0.006175590004555745
ck_51440f64f7250ad7,0.02348106355287873
ck_295bca29c34cfe2e,0.18367288703539156
ck_dd30558576b45e7b,0.028510360746018402
ck_3a30132a57181fe3,0.0370951721246291
ck_4a733aeb833406f4,0.024927653649272047
ck_1b0b7c3d35ab1259,0.038101494967100996
ck_962c3bbf27cd4b80,0.09901521269362451
ck_9528e1d6b1707870,0.018127771423762675
ck_b3263e7f31aab45f,0.03465900548720843
ck_e69195a3c885053d,0.006279574584266694
ck_a907fa8795cd4baf,0.006994942764284441
ck_205c3405045bd835,0.009678788619196676
ck_e81fc223bed3c46a,0.02626789221488159
ck_363751deae40edfb,0.10407591110834072
ck_6176baea8cbebbb6,0.011893776689724078
ck_633e6579f5c74a5c,0.8119932027679745
ck_ddc11fc481eef58d,0.021181807417138623
ck_e975002c979e12c7,0.05642826921472735
ck_8e039b23acaaac00,0.05548438135364209
ck_1d6990d94a4d2ad6,0.019195298687271156
ck_e7b583acaa3171a2,0.09639899808276323
ck_c0133f60d39b2fb5,0.011453291155650653
ck_7d6bff85e7a694bc,0.006374637517747623
ck_d305b4d82f63f647,0.005503888092440096
ck_22bd0fc71f95e048,0.044579701326562526
ck_9a65fcfc7916f93f,0.003243593605848366
ck_d61c837b0106085a,0.03567063166317543
ck_be86a1db08dea456,0.011115719296436854
ck_90489c405e6886d8,0.008326638074424268
ck_0add2c321d579d75,0.01568966383895872
ck_482dea6eed92cbbc,0.023843499515862735
ck_c24b47184534cc2c,0.9818271762179703
ck_fa04ac31e596e7d6,0.032857885599107094
ck_084322dc5a3a86f0,0.031484299078238624
ck_ccb72a33cc1877b7,0.01274329835527572
ck_afaf374009d3b248,0.01570586248863054
ck_b53084ffede19a8e,0.0022123145604336274
ck_4760216154c8cac2,0.5161198075029249
ck_37ad3a65db673e70,0.0057859904547587025
ck_0c2932cc0d553694,0.016001372896203517
ck_86b853c52f20fef5,0.005485371070513452
ck_38703b7546d35a80,0.0571941398244363
ck_218b7e6e6dbd2da0,0.006389396953589236
ck_402db4184982fdf5,0.023061260147733367
ck_f917c82af80e4a79,0.09695714532052323
ck_3c6417a233c68c73,0.01741822497430455
ck_98068c397d70dd3a,0.04657630311598381
ck_b1cbd6679c0f8d95,0.005351036497404276
ck_9e962f9bb0e7bac2,0.03219486784269393
ck_b08247c3ad567d92,0.44794931545787925
ck_3ef7a03ebb81cfe3,0.003807855265992599
ck_5d7ae0e3562e99bf,0.05651451928630119
ck_c91a628236baf91b,0.10290774203854201
ck_7f8e816ca51755e3,0.5513552680239775
ck_5aadd286d188f5c3,0.012691960671571315
ck_a037aff5f8128c73,0.0140683678944274
ck_5df6529ce8290906,0.018592622496242717
ck_5f3609511443e5a8,0.005554831820369004
ck_a6f61864fac3c8fb,0.01298593976174804
ck_2733fc6ba23ae46e,0.03765660703176741
ck_22bfb9246646eb41,0.6862405726515212
ck_bfc2a57d8fd1610c,0.3128159852585112
ck_49839e761d0e74e9,0.005746164778502155
ck_aa4ba931dd37481d,0.00378643838303042
ck_2f9fa0d61829f815,0.005959183782762087
ck_5b82c774df10d49b,0.0031901521920452837
ck_411219470d0a195c,0.018327807052271577
ck_d07485ba10514a2d,0.256774900140129
ck_219bef979ee21bdf,0.0026538643674691737
ck_eb1006e7285184a6,0.014821978122137725
ck_fd242b18575e3063,0.09347372254096838
ck_95188150ff059c70,0.11826328447476099
ck_a9ca2f447b984a6a,0.034111799765522914
ck_2dd39723c4088b64,0.053205845620701436
ck_aa2b4c662ff213b6,0.03895533242312157
ck_1867b1199c864db5,0.053119060766501074
ck_850ec97a5a0dab9a,0.022727452137640408
ck_562320295fa35875,0.00735481620599326
ck_bab5759b07fe2bea,0.010844320046190747
ck_b9f1465d803e57b2,0.12695585098223997
ck_8f21f2690c32c691,0.10022186601970431
ck_df87d6f61a63eb21,0.010893589239369708
ck_770475876d0e7e6a,0.00827188698068606
ck_b4c014d5c0cc9eb2,0.003917075582842082
ck_3add4d23124c9290,0.004230350763859972
ck_bce5b7fecfb6264d,0.05300715735236549
ck_604c17cb97dc89be,0.04942176610032073
ck_e52cbcd9aafd26b2,0.018403272239390124
ck_0ac9114076f5bf3d,0.013942671192911059
ck_dcc125b178b79566,0.003286890879422945
ck_4e333c09f0c37dee,0.012309649500352612
ck_ff7e31ff8ba731e5,0.008151114620972053
ck_8d0532d24f1070d1,0.0021155836046395137
ck_3689fa41748a6f6b,0.19813101226275934
ck_7509eb97c1948b16,0.00820473559667689
ck_a9161cf1ca22a6bf,0.02011989433216688
ck_bed3e3db135b782e,0.030216960700803645
ck_9040edd974ef8e3f,0.7009135300723034
ck_fac32d76ed40f683,0.013155736590742982
ck_3d7b1078e2d57c69,0.011837655732420032
ck_dae09c4e074af5dd,0.01528387023912878
ck_fd84507228467b40,0.1184262027779721
ck_e2a2ce9b8cf44c63,0.012727878563529816
ck_cbe716f351d660d4,0.03328300466201324
ck_cba4162ef29a6d27,0.02786904659938392
ck_4f1e962ff8a29732,0.004763858049255682
ck_39a81899dded61e4,0.025782886044540983
ck_25382331551d22a5,0.09616715957625227
ck_6d64e1c07b19856e,0.011309451598895855
ck_165a868bdef28ad3,0.04871445613272479
ck_88774ae52e30e877,0.010279767304280502
ck_fc7a9d0643570053,0.010541287725439245
ck_c2017120b3b88a46,0.010567738139687694
ck_d115ac6b9fd62a7e,0.03348360135786734
ck_439cf7d51ec7de0f,0.019774990664062467
ck_2468a7e9e68a0927,0.01438269870619254
ck_7c418947124dee8f,0.019376949565403884
ck_fb0cf32c4a56f740,0.06145327547655001
ck_694eb6c43193afd4,0.022374555180362073
ck_993beb188dd4abb6,0.007914593640381416
ck_77fa39d3b733c226,0.04461409543267467
ck_49969a9abc47cb69,0.027227639380080115
ck_d3f44bbe2f7e9b2d,0.049473981153812026
ck_fcf5b8216d0c18ef,0.0038539877348230177
ck_daefe1e2d2bc362d,0.004532473641374354
ck_9c9287cb28950eb6,0.03498539773047472
ck_c1d1a625b885a975,0.0445165730394743
ck_71b37fe47490b4ba,0.006717368106534937
ck_5d16e257c0635f7e,0.2598119333781981
ck_15918075563eb074,0.0037846027974233155
ck_9a15fdefc47e8d11,0.017563887652795016
ck_6f04d047d1dde75e,0.0040984237277262164
ck_1af2c0b3b8d202c1,0.016060166514833378
ck_174be2231c5fd2b6,0.004954703428972665
ck_bb0713a2a1d65982,0.026025478372753645
ck_0daec63bd5b0729d,0.015605091954411818
ck_c0b5cc3e8ad2ff44,0.05969170613214558
ck_35bee1fc12664644,0.20575173989953777
ck_a1c7cf63467df4c2,0.007240366154556978
ck_ecb1e15f0b185ceb,0.027359337748154525
ck_f280d31f54a4710a,0.02306588110786424
ck_30f4b2ee8abe1342,0.09795508042161584
ck_66bed631354de5b7,0.015096399254572634
ck_c2d3ecd7278eba2c,0.005599977141514446
ck_e901dec0e09eccbb,0.0033439405871991006
ck_5d038ecb3c8748a3,0.007099773151468889
ck_283c5bea94b21e80,0.00558494839323625
ck_7956c251b85f009e,0.5697241817430869
ck_9f5f81d771146aa1,0.0025849410684145803
ck_9323e6fc1e168eda,0.8961161665558441
ck_10495d3a635b8d69,0.028936174131556733
ck_1982d571cd36eb0c,0.006921339946696078
ck_4f5d7985bcc2eda4,0.005335142676882332
ck_7df526b2b4410bb4,0.03254541509398531
ck_dbb498b1a346a402,0.002750670048425583
ck_ef059997563e3330,0.014873714969089636
ck_02ec4e06709e6b82,0.002945893822958278
ck_9782c86ba6485f88,0.003951185340441496
ck_d69de468b44143ca,0.00912651352353152
ck_6430a8792f400e0a,0.01276044749587051
ck_8285bd3c90af94f6,0.013880639976021514
ck_985c9ca112000e9a,0.04320204396449703
ck_e679fbf4f4f4aa07,0.01046047259962022
ck_016e8c8eaf9d511b,0.0896385528107169
ck_bc996c523944644b,0.019424252446552624
ck_5b8315726f6204e0,0.011344420775372108
ck_78181f8e998e442f,0.0022385133530556183
ck_71c68dfd011dbbbe,0.6275060610962843
ck_db32c95ce2b6f502,0.5152048869489926
ck_755010362a9b1bc4,0.009471017343739663
ck_114141d85256c9ff,0.0028832534518811546
ck_9d1a5cf5a3b87e48,0.004379361493666407
ck_ab640420858ab5c4,0.3293811615838858
ck_97a8dac48dd62488,0.43555574133455827
ck_879cc3166fe1bada,0.0036673647529198196
ck_b0ed11080076e381,0.015348458595551718
ck_7334a9ec656263b2,0.006772185305491421
ck_6494f0ef13ce44d9,0.06058974521546022
ck_724e459b9ece38f4,0.05243695184156647
ck_7fd8b1470401695f,0.820285340643407
ck_292f81186358b0fa,0.01818660322573015
ck_fa7de64d37287615,0.06560379953485722
ck_d00e09e66ed6458b,0.09573831635379956
ck_b8d210e741be186e,0.0093608016845307
ck_3db59982cbae4410,0.07332341897156014
ck_69887d0a9aaca6df,0.002938201013110352
ck_4feb21e2fb0b3977,0.029488191343097298
ck_08c6cc1e143475e3,0.003404346710239856
ck_fe6e168cdbb46b9a,0.11952956448062163
ck_07f1734be7fac56a,0.03751685181093522
ck_d66d59981307db93,0.08440469887828193
ck_f928dba0d587d7c1,0.005356416426362196
ck_786448fe3004cbd0,0.015011767330799907
ck_29ea329fa40ace62,0.019551200125792017
ck_7ea52b6f27edcb73,0.07059523262248522
ck_18bc51bbf3ef198e,0.059770769743209995
ck_44950df09ff14ded,0.0024677308240737155
ck_c1466b52c0a10b93,0.018195769238346822
ck_6cdac067cc4db5c5,0.07161738989093194
ck_53f55c6e8cf2d432,0.004845017729844485
ck_95945f48453ca532,0.05383090792873557
ck_87cce4126e215153,0.007057321886258574
ck_1ecd5516c92caa4f,0.003959173521840243
ck_819b482bca14c068,0.7019852742229448
ck_a61a879dd46fc9f2,0.01155425770078414
ck_af70aa32c009c3c9,0.04481752048036013
ck_f4fe78e249092ab1,0.03490517063579084
ck_12c46bc52bf45b36,0.0231098761712055
ck_f05f5e4b40afa52f,0.06041894102923789
ck_0f8cb09d3f4fc980,0.04550238409200203
ck_80a64a7f0275a71d,0.018219923933018228
ck_683af7b1540a0b22,0.029889942257207782
ck_51fe0b613c076cbe,0.013495880635742216
ck_da1a2450219dcf19,0.10463285662356303
ck_2a7eba01ceba6c2c,0.07051648953131895
ck_4e329e29dfa743ea,0.47663403687262235
ck_0274d881d6db82c8,0.008449234695047799
ck_0af5b7d128035b35,0.011719486540967702
ck_ae0a7be6b0a0ea68,0.02563778304896071
ck_de5bb7a4d091386d,0.20587847082470545
ck_2bb7c17168a9d17d,0.011482841708348134
ck_0ffdff7b2f5fdfe4,0.014026189036439186
ck_718a8390b3d42d7d,0.025792164915408325
ck_7c4f12d70f184533,0.003151220927269525
ck_d3e2c26b8adff099,0.013310555851197546
ck_ac9d3d9754104cf0,0.0024432457550349327
ck_3b1766a1d51f8f0e,0.2914571390431585
ck_a9bf75bea912027b,0.029324251280258475
ck_687eab3ffe1f8cfa,0.015569689771995023
ck_25dd0b02af5b2f37,0.08484810585329719
ck_1747fcc466f0ae38,0.0037506622204188994
ck_f6e9d14dfb6f3c28,0.03873750475330968
ck_c6a7bbd0adc4d5f3,0.0438263552664415
ck_46656a23f4456d22,0.4161711945283332
ck_7519260415c2998e,0.011404439742414247
ck_754f30ea19df857c,0.0331546094255961
ck_ba88a244d5f7380f,0.016970535560975324
ck_f268416945316815,0.015348458595551718
ck_21860dd2159dff28,0.004992698001289803
ck_7a86ef4e2beaec38,0.004835520674536966
ck_0414507baeea936a,0.07610121916399372
ck_60796eb60fc3043e,0.0066248059206476615
ck_1e0841ed17fe0562,0.00838666758330054
ck_0d641d32658d6e0f,0.0038186216741079426
ck_b36086ae6d87eec1,0.022162963571812837
ck_962e65ab33b5c311,0.903508665328805
ck_b046a42684468e63,0.015049494570629884
ck_ab3426435b0017d6,0.08780111559935064
ck_fcfe06e44d09a344,0.049064825859749917
ck_0f6d916c92189516,0.026178206422373226
ck_d4c8f0d957c3965d,0.037849012447593595
ck_2ca83dbd728af019,0.007004301986670859
ck_2857a4ce9f72fbfa,0.009604686590614812
ck_a60e6edc48e3d0ac,0.3983573208550877
ck_0cbd3b27063d4415,0.03934831274785553
ck_612089ec90c37219,0.01909395253589874
ck_ec4e597f17f473c6,0.005992902733457815
ck_1c93cc58f314bf71,0.045487207927869075
ck_2b359a979520276e,0.022826203171291512
ck_1496568ddc3b2d56,0.016450611019938027
ck_41d91dc9f5063566,0.034183370863636445
ck_4c5ff58afe3d7a67,0.008065764658581352
ck_81709736281fa3eb,0.002925840134691925
ck_d89abbab3d4957aa,0.012854214621723089
ck_52453401f88935da,0.03783060250500389
ck_a477654d34783e06,0.00392669455408073
ck_72dd0dbdf808cb00,0.026686064075112717
ck_c183dff3781746cb,0.08627045863939735
ck_c8b7f241810b45e5,0.002204071530563025
ck_f88028c3f306bc70,0.08638773656788296
ck_91d48d69e4f5d9c2,0.008685433480106485
ck_b74b9ba6d7c9aab7,0.200727444971574
ck_03e904682dc73bba,0.019542328133769216
ck_fc6fed6ea96a004a,0.011075310526591992
ck_51efdd240e34c642,0.03123220798474591
ck_e78ab4ff52b5fd2d,0.0127218788693168
ck_4af7b97c24d89a45,0.029399259425105042
ck_295c0072eca7f7a2,0.012466524541743816
ck_8abd1a50a9227463,0.02370703715576263
ck_ecaa6f13304e3dc5,0.006146453539248561
ck_de436e7b319be1fa,0.9766243353127056
ck_c802cf8f61466027,0.007870994893762168
ck_3d83e0a3c1cfbf8b,0.024412085663021787
ck_28d2003c2d16e4b6,0.0031357100599552924
ck_8ddaf745bbb9cd62,0.002541760309195557
ck_493b6256091014cd,0.06331438146495959
ck_a2245822cfea997d,0.0050111932814947534
ck_f7305b3c64cf8a03,0.03808491214500131
ck_9937dad93a0ed3c1,0.007786706257649921
ck_d654449f9231ad76,0.01451849715640876
ck_850e2b59bc535490,0.03108951963725146
ck_e55e5bdfc0242aef,0.04667443087492958
ck_d35c51e981b98c5c,0.010628952503211513
ck_27cdf9c5e6f0915b,0.02602986495399272
ck_d328db1e1052d820,0.026336320969887035
ck_0ea30eff5f361cba,0.007431494359364165
ck_9994323f97109f4b,0.9316140564875053
ck_09054e97bdf9624e,0.006262328665721394
ck_723b4afc388113c8,0.007487860191340717
ck_588f6e6a6a6d93e8,0.009561359724010093
ck_e1d563fab4d6116a,0.00785006377936942
ck_53aca610e20598bc,0.019106172599507407
ck_c8131ddc7ed33448,0.013848032443711212
ck_899f88464305824a,0.02603777190905947
ck_1c17c65804f8889e,0.03135519770351026
ck_45a16ce12893cf9b,0.01937903968481374
ck_f9d481aa4f9b2808,0.47722981617016086
ck_1d5d74169cf892ef,0.03778991297871742
ck_aba32acb61c1aaca,0.05834990831419445
ck_ec4dd3675a8d28cc,0.011881965096548795
ck_5dcd443fe0bbdeac,0.005448227512695995
ck_3a47e3f54475e854,0.015875790433683118
ck_a9aa5c344c315532,0.01974229710756337
ck_9652283c9f61fcec,0.005158249496798168
ck_752dd3d2487f78ea,0.014318983093603738
ck_a821980ac4db9943,0.4707476587215708
ck_93e0d6befb67f7a1,0.04764653854217711
ck_e7a3881c3e36bd51,0.2563074502933042
ck_12631b78f8a03df2,0.008592201411289115
ck_57b8226610b48854,0.009228414344664057
ck_352657008983fd4b,0.06112577938651002
ck_0841a5c24fd3dd28,0.026673421396964443
ck_db9b9d5d30f74070,0.07711422418456905
ck_a9dded7f6294e44f,0.06380495064380513
ck_91a16336ce3217dc,0.014776085186303928
ck_371bd9388b287677,0.0033003341960597034
ck_f285e5e1912a7c62,0.006053906796763372
ck_368b65fca69fc415,0.06109072557193995
ck_d27a73596b6500c2,0.0341652589169221
ck_2d963f9b2c4d11e1,0.04678373743767226
ck_7c500e219af39486,0.0042092205038721945
ck_7d025dea5951cba7,0.013227647953367248
ck_32f632706608859e,0.01729188465919795
ck_53816231f3ffb48d,0.009763616194055656
ck_9dbe184e81c1ca8d,0.09909279727937134
ck_d74123617f22a21e,0.013042729694545133
ck_275386782b1606f8,0.005363151035173089
ck_0b0e79d33e50cba5,0.009640900531936569
ck_ba93cb604f792915,0.02863492485446841
ck_a86cd653472eccbc,0.031236458438308603
ck_87771861e0447210,0.10501985990758174
ck_212380e0371d8a6d,0.029954549199426927
ck_ef0d702d7b0ed745,0.004864286518120109
ck_2b8f33e22f939372,0.8191583138863924
ck_480347ad92037105,0.012618655228125487
ck_20124c3a16c53ce4,0.03606832332647021
ck_c9e1e3229baae708,0.01163036475759608
ck_b1befe967f7a5ebf,0.04052130411589272
ck_4672167d7c989bbf,0.04812268546878109
ck_f0c44ee5e3a42e3d,0.13969377689526408
ck_c416357d20238a4e,0.007927300698961224
ck_d0f470f8078c91df,0.014655900673259064
ck_3a70b4ee59084715,0.021639976067902994
ck_179ed66cdfc1ce27,0.0062587091054116745
ck_387e5a7f163c7837,0.016690653245301567
ck_08fb463e69f647c8,0.96825717425937
ck_732f725747393ec8,0.022889874057671174
ck_7cc5e0fa3ca5a713,0.006449829800347144
ck_ad4a4daa826ac68b,0.01827670584524426
ck_472e0be7a3b533bb,0.020780105915573978
ck_7190177963eafdd9,0.023601062603808346
ck_647ac26c5900f082,0.011621046003019697
ck_272ae2179bbd8e58,0.007721640608203236
ck_09b0d8af304646bd,0.003662215354688763
ck_ca0cc8ea9f344408,0.009204246924733832
ck_332ad134fb909869,0.012735490825288135
ck_fca2798914627dc8,0.09850358558042946
ck_4450b55f462ae134,0.011763945469178838
ck_d67d9dfb60b286b9,0.004163602613800109
ck_a9d2bb4f2bde7052,0.009512566109037023
ck_929bcae878a3ecb3,0.7422403329737322
ck_59a9e000fa275e1f,0.04165003497777951
ck_57f17254e2688637,0.05668234628382408
ck_0508908697f60ce3,0.1608633720999573
ck_946afc2943298d26,0.007841990608236404
ck_7176d12b18f2cc0e,0.013241283534757363
ck_5c47b49c26cce286,0.037495148813629836
ck_b6a2bdb2d335e1d0,0.944630845126409
ck_1d58f6caaa4d012c,0.01383113482649747
ck_71c917295020ccc7,0.006024401678996565
ck_bc89644ae3688995,0.020293956855621322
ck_e7c212f16d6df272,0.03584441866950901
ck_c6d2e11a368184e6,0.0038270323625592306
ck_eed7f1f7548df15b,0.008854552830186855
ck_75b69034000ca7bb,0.029190873734908418
ck_38da3bf629458682,0.022193132781549135
ck_90114c891239d821,0.006824235363237067
ck_8ee08f6777cc155b,0.026752440089003595
ck_bd86132499defcd0,0.020459960693267287
ck_b95fbf2b5640aa82,0.02116459200232609
ck_c530235393360e3b,0.029689183704638033
ck_be52a7ec43241ba4,0.03988484231411821
ck_d96eb3cc55f2772f,0.014704122234384786
ck_dd34f0a844fb115d,0.04553226453827455
ck_17cc7b411f448e66,0.049825794873758884
ck_856ea65fa27d06dd,0.03079637637002676
ck_056d5f0301c30902,0.32833600065899116
ck_e662b14b2bab23a2,0.1437437366894857
ck_209f574c8d92274e,0.024311133730755004
ck_62720b81617896cc,0.013229981479741262
ck_041614694b77e599,0.008817824759700351
ck_461e3f7b97db8d16,0.02841055206356376
ck_1b74b798eebeabdc,0.01150402060134893
ck_0ed2739384f1d644,0.00544861155166248
ck_5a4d19f1b83feeb8,0.01039704522093571
ck_463937167965a1f8,0.027718407642870688
ck_9d7151dbdf100e0e,0.0396367204805536
ck_20a7d1ce6cc27312,0.013159624698592961
ck_6031211ff118cf0f,0.003435971064962619
ck_a6fc92aa91e99b77,0.7987972639467564
ck_0aaaa9d2f75a0518,0.005540820611447618
ck_ec26e327cc1848b2,0.011122349900159855
ck_0e6bebf8ae9b9b03,0.014558917563438082
ck_e107537a4cb738f4,0.015348458595551718
ck_e8ea56e122a5a487,0.02086183416086145
ck_98149ed45d38c4d3,0.03314503412932368
ck_0e719b3a6906b8f1,0.0021593372289366976
ck_0c6e7bd357e4a348,0.00323618441645273
ck_d3b2b250da61db19,0.8070505774336206
ck_8bb6b0a292754576,0.12191623081391026
ck_87d70f5fe48a6128,0.05145467281985418
ck_ea9edf9c107d429f,0.007138744913243484
ck_059806c52cebe4f1,0.0869291112074991
ck_a72d6df666e1c21c,0.012606963760521324
ck_1d2b80ab6c4944b9,0.006740657114986555
ck_60557f077abc42ca,0.3769170279686638
ck_e5f5cb7dd6ce4a37,0.0179512075373851
ck_4c4a939154446053,0.004194074397496905
ck_50ede3eb561a202c,0.025047092529368032
ck_6d03a542922b2ae8,0.011201385321995322
ck_d6fe761ed0db3270,0.0246663381631765
ck_7f0cd6ea3096f985,0.0070581659516634025
ck_23edb6d938a3b87b,0.017827544148951505
ck_799aaf9f2b9ef621,0.016076826269604612
ck_f8f6a03613b6dda8,0.03036002265964229
ck_7cffb189f4f514ec,0.9427239086445001
ck_c081e1967dcd811f,0.015595009578787738
ck_583d6ca78c97d91e,0.5171742825157426
ck_9332bbc7125219a7,0.010058534030280408
ck_956b5af6d7d86c65,0.8128333868445125
ck_2d634e3f24681c0f,0.03580852718052243
ck_7b35d218ed0c5a60,0.007633829774677991
ck_ca5b1057f8248f73,0.050547138026043346
ck_ec5ea81cf813597c,0.023222871690891496
ck_eaebaf4d28400fb8,0.020953662086796946
ck_ae2ab6be219219aa,0.009479540008458489
ck_d99a8b4c820eb46b,0.011049182766457121
ck_bcfb7ffb7cd428bd,0.012848328658648562
ck_3dd542c2d31be2c0,0.013465149389595343
ck_c7dd84401e29a7fc,0.00296306719570667
ck_c4bcc7cefd40f8e2,0.0021603479732128558
ck_c251898b5d51e3b0,0.021398110325825812
ck_36d37be780c1291c,0.023871790770255617
ck_99b4f266b61ae7ee,0.030739459342452684
ck_c37f03995f0f0169,0.004930586345953412
ck_65a23ac8e44eb901,0.006800215350749507
ck_644b1c1149eea9e0,0.03063087327005493
ck_9cf44eb0237c2429,0.009888677969739244
ck_20541686a94fb71c,0.04895798539409604
ck_c18245be844680f3,0.012464314349400802
ck_56de216eda6b7fa6,0.003221386607163836
ck_406c4442dee45cd1,0.0021726199502235186
ck_df1585c7d72a96e0,0.0023872572252690203
ck_b8e8dba20676d87b,0.06059270500493601
ck_0ee6965e68efc177,0.031787155852116805
ck_c2a5c54ad8d0d297,0.020057632347422676
ck_bf6fb7e6470e95cb,0.003909185349463178
ck_27fa694569140345,0.001920193084007001
ck_e04166b0ce66393a,0.005979974165227825
ck_8742114f4f0cb22c,0.1218461251523781
ck_6eceeafd56b42576,0.11774098460327091
ck_34f9951b0eca1965,0.01820024587375842
ck_384ccecd342a24ad,0.00601500168138754
ck_49c98bebd1338879,0.002868419127582417
ck_6c26c12071c91ff6,0.0034027087305143616
ck_01e5986ebb9a78f1,0.015468163157906606
ck_121db7ba3be29ee8,0.016442512423005085
ck_039e6d5a330cea1a,0.11530616314327273
ck_ae8c9163cf957d7e,0.01002354145885587
ck_3f5e8f3f1df0c8c7,0.12078132011841024
ck_b1c51fdafcd80122,0.029256977718473947
ck_12e2b5ebfe8986b2,0.01116741457230534
ck_d55eb81a4d543c59,0.01524675247444432
ck_f85155ca5c312c7b,0.022300789548682254
ck_133d8a1ac7c0e301,0.9543062716683909
ck_04212a9bb9b28696,0.9629285424064427
ck_4cc11c7d3ca61f73,0.0070692064844417694
ck_2df4854186ec515b,0.02578498875438376
ck_aa9b28e7fc43af79,0.6709338886990964
ck_47cad6c3def4c9e4,0.006366792177626341
ck_fbff7b5da8111567,0.0070056909640997846
ck_bd25ea782e375b22,0.021415557279667367
ck_7989376f8cf64a9d,0.030362483129729306
ck_675c0ca1ebb1051c,0.007651850687988949
ck_1436f6e11d4008f9,0.013351554995290586
ck_812cb3a4482cc618,0.014838514393014784
ck_6e606f73a1094afd,0.010269034201771611
ck_1b708e2a4a0584dd,0.021204906383925557
ck_a60d6b324bae0330,0.03257783105434717
ck_706a4f673a9fda3b,0.5125835134751844
ck_a75ece9a9044eed0,0.0026645087301359295
ck_9aa45c4e03c8c57a,0.04136544741985502
ck_9fe9bdce982b312c,0.02305346462476546
ck_c6fbdc5ba68a8466,0.030574582684626025
ck_ed0cc1b1c28f9511,0.049894708849816866
ck_a4e2607b4c8021e8,0.0018313231871158757
ck_e02f93f51cc8caf3,0.006407988071798935
ck_7084ed3cf20781b7,0.04774487286363322
ck_cd4c63155570d6ea,0.012743342096364286
ck_d1b9e5d32d2d789f,0.01256606698587762
ck_68f56f6560a7a933,0.011005541427975479
ck_8bedacc6233c6269,0.018018897041967175
ck_ab7cb50407d6b13e,0.06726302668323014
ck_f17ed7e0fd687742,0.07477677372104508
ck_b0fe4b92fc70f72c,0.0024711361591971148
ck_84d62b8196da2452,0.015731525930179083
ck_9e298cae167f4693,0.011916959363099009
ck_405b20ef9ad0ba5f,0.060892055360968186
ck_813e02e1ababd177,0.01058696462812876
ck_f234ab47061ba7c0,0.003496167850087747
ck_22b587c18363899a,0.006927101764121762
ck_4e862c2f48c38aeb,0.0058374351903103736
ck_b89cb90a420c9075,0.0057033706934910885
ck_be2251640f27a3c9,0.14588655159516864
ck_46bec0bff167ed3f,0.01603636995108432
ck_c0032232c2868328,0.013500920162711254
ck_030cf09525dba4ba,0.0021439810779369565
ck_6ecf56236789fc09,0.9424910838657824
ck_38d4ed52cbe6d123,0.047240450186260025
ck_2d923d957ffd4d53,0.011565028776688996
ck_3af1eb88728ed8c7,0.024714415859318297
ck_2f8120ca80a1592c,0.018616520563998602
ck_6cabb1a133f0b151,0.022050458234131518
ck_bb6cf7e7b707731d,0.8266801304336211
ck_c8307fecafa90140,0.010869361135780548
ck_75f968be67f46d24,0.04372319321666971
ck_df6fe4ec5a233213,0.009601962149884772
ck_b53e88c0e927d896,0.0022966868685501294
ck_f0093064aa28f4d0,0.024859638444357273
ck_ec9976cabc63ff92,0.008512481113865754
ck_30dac0a58c5590cb,0.1717229048403799
ck_348a525791ae6475,0.034185611653912006
ck_b898d912d1181ef9,0.012974796252382148
ck_f5b1200dc6f95760,0.019433986875631578
ck_54978a073e7a0b1a,0.007393089298176746
ck_55933936536a4071,0.005504711053810976
ck_d6ba7ffd2ae08863,0.02366771107143654
ck_404e2217fd87fdd2,0.0057187854883019
ck_dfaafdaefa5716b6,0.023778343214571347
ck_556c62e92d4e7e5b,0.11447397232674919
ck_7ce44f4e06d58111,0.14454306888672722
ck_465cb8ce232c7670,0.017640560721533367
ck_237508ca4fb37268,0.09907382583018971
ck_ba4a6b9aa63964ef,0.06506938006223188
ck_4802a0a7a1882c88,0.33153338764550455
ck_9478dfe4114c30f6,0.005098658542086278
ck_5138f6c575dec64c,0.005049534946475654
ck_aebb42afe430e2e9,0.005320817239377176
ck_004efa95555437e9,0.013484392889197115
ck_11af112667c98394,0.018397588539014697
ck_44e9a18a8645c9d3,0.003023405254782674
ck_2605fd571219e28d,0.001918436611575949
ck_dfc933493561d84f,0.012760787911651479
ck_67674348e68d1f25,0.011372543137255919
ck_dd97429277a2fa00,0.05395717659436324
ck_d3eab7a06eb48348,0.034549571788659916
ck_0b9fcff9667ec05a,0.008561252961981012
ck_fc4bfd6e739bddea,0.0018173870988516252
ck_43292f70a03ddf2b,0.020941763680048985
ck_5ff6108056a3fef5,0.014245743753540355
ck_767e0be086b5f601,0.04681672743056455
ck_b8465b1a5666155b,0.01999719284101407
ck_ab2e3fc56f5b3aae,0.08144272587460229
ck_1833c81d693c1e07,0.9053405823735515
ck_0308e0602b856445,0.005141024940603344
ck_ccbdfe744acff8bb,0.02528796715174588
ck_b294aa27a0b586d7,0.005552073449354483
ck_a3747201f377626d,0.9574332741474872
ck_edde1d7d1db24725,0.026171979084440074
ck_ae3b47d6e1063704,0.01575901615320749
ck_3aabf5e0f4defb41,0.012076133101778793
ck_f034adb57391f3d7,0.051760829796269774
ck_533672fb40531607,0.12330634761602528
ck_2a244f1ae08ef83c,0.028663576559168517
ck_a35d81bcc54ece2f,0.004727360934685667
ck_78a61215675b38f0,0.00768954282164795
ck_e013d88ea7939616,0.015255961426206473
ck_e5018f9418e0102e,0.08200913796773783
ck_d4e024fcda401a31,0.012219052605244897
ck_f736cffbdb82db34,0.004062810463916733
ck_1507f5aa50cdf3a0,0.009603611790236674
ck_18270fee7c8fcee8,0.039832552030084414
ck_95ffa1a805a1c9d1,0.006128303761084205
ck_11132d245b94d045,0.002880909684407947
ck_7b93a622e40d8b14,0.015437177227128776
ck_3854c08d17704347,0.03547933912962248
ck_7717fcb100dc4b5f,0.015596607275477632
ck_ba54e0a1c328119b,0.42064927676297
ck_a7afdac4ecbf2de4,0.7895753528167443
ck_ecfb771ed2352085,0.010812403925861273
ck_68be4fefc85a6b64,0.34838479960989666
ck_dac7c50bd6d0148f,0.011336273286767585
ck_87cf36a03bd63c24,0.056819937519522634
ck_8adb40b168b59d7c,0.011995428657930844
ck_8d2f62930777416b,0.09639468643922841
ck_9958b58da9e3c21c,0.039421600168202744
ck_9440335375701f44,0.03518531124365537
ck_e2f88e202b6f700a,0.06641866456013522
ck_4c7c50684827a2cf,0.010565599650147533
ck_8a6ea4a79b1c7a8e,0.020938155096145467
ck_186dbff4b24a3bbf,0.15854397185727478
ck_220fda3c11c59b6c,0.16124396584276396
ck_3acccc69f8b1fd14,0.07490297053433295
ck_9de191bf79afd676,0.017241430485779485
ck_6de6b1663f9457f4,0.003215473717996892
ck_062754f8b79b86e5,0.0037120691100830123
ck_aa153a89a52f7eb5,0.01568966383895872
ck_34a6bd3be642f15c,0.029727943889909205
ck_9371c700d9830326,0.021260800492063598
ck_a99e0c258ad7576b,0.016371710879861966
ck_0a7ba51d626e932a,0.01761732979454716
ck_852c50bbba1ead13,0.029822367077276618
ck_43dc13b6b6d31297,0.03893362087570889
ck_7d81b59d615a6649,0.023877056010781366
ck_39a3f1da060e88bf,0.012730026983634507
ck_6fb2d142c09ed3ed,0.06272837620513147
ck_6e5752b87324b58c,0.006731905543130616
ck_9441d48a12e8a4bf,0.11735935697367417
ck_09e9c51eb538b255,0.012739310746897794
ck_8d0cd981ed3a183a,0.014159810536454825
ck_57c07c45269ca8c0,0.020078524930707838
ck_ccfc9ab888ba933d,0.01364414203977627
ck_9658a6ef471053f0,0.006314946444314811
ck_dac3852758f4ea89,0.0043843622720479
ck_b1ed2278f5f14d82,0.03412721249807975
ck_333544d173524f70,0.1301412891579765
ck_fd4582e3853ef23f,0.016192843759437192
ck_614d936cef98db04,0.008737934466034328
ck_6bc351a3d57aac54,0.009725444468627225
ck_af5842fa7202ff25,0.015565701331514309
ck_81307759252571be,0.005157343121942149
ck_b4d2f02d2cd45720,0.10270117657026075
ck_1bd753a4681946c8,0.9560353722632552
ck_46d8c029d46867b2,0.0050979916858818804
ck_b7da6640fa2f49cf,0.20693594786386477
ck_9ea3d5a5a91fef9f,0.2650595574484119
ck_7b922518f667f76a,0.0038509471024503424
ck_2a5b31594206eb30,0.22764920416785775
ck_d9506476ad3f9e08,0.025938372565524108
ck_c8791f7ebd4d93c7,0.02108926532485754
ck_b5a3e20fd210017d,0.008213962279294322
ck_8e54386f4fe22cad,0.014380760430479195
ck_75296704f5806f56,0.054756584171463375
ck_0fbbc7a6af300368,0.005831514084030389
ck_d19bf4dc0627113d,0.004620934465865402
ck_7951bd4eb99a0175,0.0024321052849381347
ck_059e4fac6b7f704e,0.005525878064759952
ck_2ce8931af02a2ce3,0.021555127085096947
ck_9e665618a4860306,0.006193597351729069
ck_6fce5a893613fd2c,0.005778851918958081
ck_9e3fbd04e3532f32,0.4474048525351362
ck_55f2ef0de3420e3e,0.017039099036780442
ck_8d87658a6f5d204c,0.6277100002070106
ck_6d6ac1f5dd882aa5,0.0033506566199975754
ck_55d0c7012d7ef236,0.019260093252305724
ck_7738eb085e5753d6,0.0135393132461886
ck_0e6e05c3cc8c8242,0.010864023072340795
ck_8d27ff8383d48132,0.0038342462021794337
ck_9afc3bb849f3a64d,0.015115772778037852
ck_27eb86a9898cdfe3,0.00927275978813819
ck_1d40e4fc541abe93,0.06518897144269879
ck_4fd9dc00e1913587,0.9017688933981368
ck_b26cdb2b7b165d2e,0.017280526583634784
ck_a79a27767a02e31f,0.02961644979237948
ck_f0c18cb9f951a71e,0.022898670570701413
ck_50460e0189de6274,0.9427992798107315
ck_5e5280539257c986,0.013845361369321631
ck_eeb854318b3a6f0a,0.013683470645410107
ck_943f66f28dd24750,0.0017024269464744274
ck_984dd7452aee372d,0.045897960402120845
ck_ecaa6de0aca5e9a0,0.010869144128925718
ck_8f1cbc432e2774f8,0.0387395326678306
ck_d91d9f8445b9769a,0.5399362993368599
ck_73c18e03e3c7612e,0.0027212026192088954
ck_aded05ada490da20,0.007530689965738396
ck_f744e208183971f8,0.0061259991463884925
ck_02d4cef6358ad3b7,0.009969829223576027
ck_08ff5bd467226a5f,0.0025650073656235863
ck_f824b326d5089885,0.14633756402690226
ck_3420f2fd520890f3,0.009241463651257208
ck_1838cf8d00f5b1e1,0.016215634272108894
ck_a85182ad90b6f1e1,0.0034045094058094963
ck_fecb39c82c43e76d,0.005534256255539519
ck_162513e73782929f,0.024506382719425176
ck_2c27b77c59d8f23b,0.21764614447481645
ck_4221e07b17388fd3,0.1600736812137039
ck_adfb8472d5c3d669,0.02626677323933751
ck_0742fe64055d686f,0.003569887805637379
ck_5060aefcc8b6f958,0.03929773940388706
ck_643f549b4ac78a26,0.3777247562092551
ck_dba767885bd6ad69,0.028493219192566997
ck_0dda35c0c64c7073,0.916625335803296
ck_38ea56d43afa5660,0.01216494267074384
ck_d813e15ac91f487c,0.0834826147012618
ck_4c840e5585a7b167,0.24516041223140947
ck_cb8551453a7bb929,0.009530525937113433
ck_05a00b1dd5a03359,0.008357643228451679
ck_837cc7fd48453a01,0.02738999004533537
ck_49dd816b31fba6b6,0.12182251523650582
ck_86a61d9a39768e87,0.01630603518684422
ck_cd0e76f0e7bb38cc,0.027150234986003986
ck_dbe58392635133ca,0.023312301054190267
ck_3caec7dd6f8d02c9,0.06050504951101199
ck_bfd9bfc5b6ab4a54,0.11192311345373375
ck_2103399bdb2898a6,0.01108626966605838
ck_329f7de7279e74c5,0.012384086063190233
ck_9bf0d28119fc42c8,0.03534973856884314
ck_f781539b1042dc83,0.009783743800050993
ck_9986c7d781ac6b4e,0.012415350696236598
ck_a627734880aca848,0.0017189804074201308
ck_2106e509d77fdb4a,0.3615188207522078
ck_420d1a9c604293ce,0.008660583990972505
ck_fce0610c527e2b56,0.05877823708501514
ck_073da541ec3f9d3d,0.02047637915953346
ck_aa5f3ab48c17fed8,0.1476756587136827
ck_0fc1086e1c9e04b6,0.03104628219323027
ck_5c33bb46c1a5945b,0.04931582998613534
ck_500948a8d4bd8e13,0.017454751219080064
ck_19becd44f2c3d2b5,0.029025778664918633
ck_7d0fe77dd5ddb656,0.02179309247922994
ck_f158d9e5f101bb35,0.023848274909116153
ck_cdd7c77823c2257f,0.10401407426337675
ck_6c7b41374f9b2e55,0.021200408187431016
ck_417090dbffb1a63c,0.03393706940503888
ck_dd0e17605f970319,0.029266919201492266
ck_3646515079e6be55,0.022441415084494515
ck_89c8b06aa8c84b2d,0.14000182759157634
ck_e4d6dedd97233c07,0.09410426897826477
ck_bc82fb1895fddde5,0.0028283145130253047
ck_88a8b1d442ca3686,0.01845978286594052
ck_5791f8f76a629a4f,0.05127676512277471
ck_9cf5e88e97c8c7ea,0.03499179778374759
ck_58fd684aa5a6f289,0.006668221040652929
ck_9800c21dfbd8e811,0.012172822719040547
ck_8ae64df60ab6ccda,0.018217457967346733
ck_e535fb0f0c00418d,0.06548040557676202
ck_48011996d54855ac,0.6244518171572275
ck_ac79c72a8fe3fdef,0.07244598029227514
ck_b8cc2df5192bc49b,0.08031285985141602
ck_e96a5e1f08f8a867,0.016822512592758836
ck_84df6770549e43fa,0.008331335989840271
ck_e5f7b99ba6ec5767,0.03337147570020949
ck_8347455ab53ff620,0.007438476414683052
ck_a84f2cdf695a71d6,0.010717543327066844
ck_90456160115f9ef4,0.011458114045954359
ck_ebd178b3f3a9c50c,0.025209324015727133
ck_e1140be6157bacbe,0.0025111176518207334
ck_744ffc11d32b96bc,0.01207497391195318
ck_e12a9f7d027e3387,0.006629824981315049
ck_cbe525da0b69f18a,0.03135519770351026
ck_aa59702537557ff1,0.013718963369034092
ck_0348cc6908f7f3af,0.0028544290041498683
ck_120e995d50956bee,0.031684200261228
ck_9fcde1ff46cbbea5,0.015895281592573772
ck_54b0b070689c50d6,0.00270226139249477
ck_966a167758fddfd4,0.14843690933640707
ck_d5194f2e92fd6427,0.010501409507747092
ck_2ee84f3fa27f2cb8,0.0046101395707106065
ck_57d0a7eb7eae2eaf,0.030843161014650986
ck_6a2c4edd82e10969,0.0039797248040645645
ck_96e4d38ef670eaff,0.007096445174672644
ck_52cc2fd5095b169d,0.021126968812936547
ck_4b088920f3a844c1,0.03009221696009185
ck_8f3ccbd20d59f1f4,0.008326937928631595
ck_e5e5dc431bed6f9d,0.006568974744129078
ck_e8b5bfa6838e28d1,0.03086164646952446
ck_4bfeb78b47b7c6a1,0.07416494167532067
ck_a705c61bd679496f,0.006727421465765122
ck_731869a0c39cb2fe,0.04304245054962873
ck_259eb102342057ea,0.007548624920552579
ck_47a6005fabc33551,0.005618475934729939
ck_682262b455a9edd4,0.0029828296790670615
ck_e839d104854945f0,0.011797747892837052
ck_761989aa4c47d746,0.04041712740019239
ck_44211dc210139ed3,0.021581576948734273
ck_9915ceedf63a5289,0.11988862331210698
ck_da59ab47cb6284ad,0.0036371704391931167
ck_e5cdbfcca2456652,0.01597420200943488
ck_13f2560c6a1ec62f,0.013875536806523375
ck_a0543e9b3abe1001,0.11788363470532644
ck_11c7a58e09e6547b,0.016837719902135537
ck_69587a134d43a4ad,0.11548942249360253
ck_28dc0de0ae291f37,0.013055313899308524
ck_298922703c5bbe05,0.06978436932806747
ck_fa5ba9ed9ed6a343,0.029921603027042293
ck_c08e64d424e56c05,0.07041031474807571
ck_598e036a28262aeb,0.02123055578271801
ck_3f7c870510083a51,0.016734547197950735
ck_364f8203a3e98d36,0.6787321531985613
ck_7333cedb61506ead,0.011473179426893803
ck_1d96d7fd65f208b2,0.0328099958534571
ck_63133a79f23e2627,0.02647450770257709
ck_901d820e0b72abae,0.0037691220950433965
ck_5dd80b3c01457bd8,0.02459747926523799
ck_c0b8067c144ed6c1,0.016713420581727714
ck_cebb8aa8c8f62c60,0.006958441860887676
ck_79749eca42ff1f5f,0.04033156050479673
ck_2cc1d9b587f6da31,0.24510475752516142
ck_ccc7916b56d42195,0.00932751422377409
ck_e43e53cc7b8b8e41,0.03880268497209216
ck_4ab74a6e7450416c,0.006012393966923347
ck_6e44024e9de301c6,0.0031596621673290314
ck_dd78cb6ae2866cc6,0.02820755747500891
ck_c363d3b050baf3b8,0.050256530418056805
ck_2d46291975f0dd08,0.00655932683379558
ck_76ebeb5aee42f041,0.03009221696009185
ck_8395f004cf4d4c08,0.00685918842736082
ck_de7259c3741db179,0.011261690012546207
ck_3938e92585df2b34,0.07441638045446351
ck_af69bfcf4f07d932,0.017598744240592688
ck_1723900ab9afe374,0.06371751136368892
ck_3d58628d1c853c8a,0.00912396399018185
ck_12a074db100481cf,0.05762090548123155
ck_8716cbf892c50e29,0.013254245761584176
ck_fbf7351958ad9615,0.014569904875537967
ck_a50370907e6b397c,0.05544337144248147
ck_937402a60df0821c,0.004379352097089274
ck_8ce9c5807acbef48,0.010049847595201439
ck_acf7d65eaaa4c31c,0.004788619396514312
ck_ec3eb6dd0967cac5,0.0911658026937034
ck_fc832b0c90c9bdb9,0.9435968962870873
ck_8129e81cde280131,0.0052120851434296666
ck_52c0ef68aa2fb8cf,0.016728103626406973
ck_06f042e9b1b662fd,0.10995992142765859
ck_0bf35dcf7b38f650,0.004219463981696091
ck_615763afc2e17a7f,0.0031163443985925757
ck_e72db9d4b2fc9997,0.9481570009784455
ck_13757bf0eeb353e2,0.004798228259636874
ck_abaf371ec8249c4a,0.04669531944873077
ck_9b7167da0920c37b,0.09987718339525216
ck_2e824b0b27494a17,0.0549966977929166
ck_9a0b605e9c3220c4,0.028913302589985663
ck_a5276af466b681de,0.003196730285341098
ck_9e0383e1fb6e214d,0.04029173647179228
ck_6a27c44b691dbfac,0.0028595720639878236
ck_af39767cf583905b,0.01921846030583787
ck_243b1b9fdd3f9a74,0.0024675994019527185
ck_c0422e638a9c6046,0.04743510040938158
ck_e0f3ea3373dfc4aa,0.01111712181189145
ck_d56ee1654378ffc7,0.016977895150006476
ck_20cd2f5666719baa,0.005398678146411253
ck_4dfa1c1e9b69fcc8,0.009687972111456493
ck_5d22e9ca1d15180b,0.4516416933711601
ck_f4a7ac178fd55f0e,0.004971466940215542
ck_fd5609bd23a1eaf8,0.007254472168690105
ck_49c3bf13dc9471ce,0.03531194264655871
ck_724085c3452d4693,0.25126121465247686
ck_e5d1462846154a75,0.12193840270124973
ck_c69ef0f3e7d6acf9,0.0586699136568254
ck_a2d0417791d4132d,0.044997864119425676
ck_00a07fc2a9183c3a,0.003035113777573581
ck_781b8288e54ba8f8,0.20887369114855522
ck_d74a62ab3804a81b,0.009035156164222239
ck_abcbde211b6267f8,0.04849005101179697
ck_16dbafc035574654,0.005984032275647707
ck_018f780215ecaf38,0.009128949127712933
ck_0b259620eac51618,0.01451391931501262
ck_4f875342394c110f,0.14773444700473773
ck_399e45e5fe9beaee,0.006730857859909656
ck_36224a2d394ebfe4,0.06408373673393138
ck_c189b551bd111332,0.003847028272818134
ck_125c5a720ecb177a,0.13197902420161806
ck_76d010aa02eb477a,0.0037819285463559947
ck_1071d14c46c92379,0.3075334057678904
ck_61d244b2cde483af,0.015348458595551718
ck_2ff1860da2004c84,0.0028510961958432978
ck_c5b583490198672d,0.02370422225782413
ck_1294f7af22fade11,0.0582989183245484
ck_e3a22799716df39d,0.008556888580674129
ck_c77e22834ef97005,0.35065722410221084
ck_73d3689728270a2b,0.006025065648531082
ck_295565fbf77ef885,0.003906700303668654
ck_80c0a7f54ff4895d,0.005172476297305082
ck_f1ef5cf7f10b16c8,0.0267435305185892
ck_a958b2461ffc21a2,0.0750597585826098
ck_0e7899a57cd617d6,0.006535224578809776
ck_9d4fed252718f58a,0.014881457765853407
ck_83c2c34add971d76,0.005804030258968082
ck_9ccc030ba2de9fb2,0.029862999650064906
ck_cd691e3466fb3742,0.013092808539646792
ck_49df70f908dfd069,0.023652888015854592
ck_362ce13eec1e33a0,0.006105391210588884
ck_2452a30397dfc54c,0.014848268732839743
ck_a443d49c2b4863b0,0.008530411712462866
ck_c8b2e2cb349dd0ff,0.005258260685339111
ck_354909fecf5da8cf,0.01670704609667377
ck_841f598bbd54c83f,0.03315304952753027
ck_cd6fbd4e8724f994,0.04663730006044926
ck_e0b3158111370118,0.014056105074321671
ck_4c2f2eb657c2c60e,0.0028382516314349776
ck_ef346071f0b7654b,0.011152970816706522
ck_f3bc10e3decefce4,0.006207302564370183
ck_189b6fbe9b9192e7,0.014163366526334995
ck_5245cbc5ff4d4fa6,0.03732457902531506
ck_cb42e3be6fe87f60,0.005881738128665071
ck_966d4d713cbc7792,0.006824227851652582
ck_1c8c969667cbaab2,0.8182464750847587
ck_d35e3aa9ef5d405e,0.23662543711097592
ck_a1c39df50a5873b3,0.13829912295740684
ck_a152165caf295b51,0.053203291357098344
ck_891eaedae139828e,0.006537976230533513
ck_1a46b56f4734d52e,0.051382289078999256
ck_5e36042cfad96c99,0.21030461195578845
ck_02a8582c2603e675,0.007191630767202387
ck_6def9d0429e4ed4b,0.03250900640997104
ck_e137400825a1e3e6,0.00987613547153608
ck_d91ab840848a54fc,0.0032562154566765393
ck_becb6e1c608e0078,0.0042351629442755135
ck_6fd8c86ac719d7eb,0.16196470624927084
ck_3ed4d13f12fd9d0e,0.06265456600727172
ck_007337aa99a4891e,0.005880325736015151
ck_60c3d8306527a08d,0.006301526144962249
ck_95458880a54df0b1,0.3041581939878001
ck_b48cd8593533fc1d,0.7131707227734637
ck_021c6a4a7e3f1f0e,0.0037527662844401904
ck_764d40f865e710af,0.022955969726282447
ck_4b84357ae8ec7777,0.01465475465679554
ck_3397c7856b4669a5,0.0033004021673871693
ck_920bb003b42e6310,0.0057438915275445784
ck_8f59f11b512d5b7c,0.0651106562063685
ck_a3acf4b986afa98b,0.09058753445841514
ck_e89d25ed7bdeeaea,0.005537321270368913
ck_70e6bca473bf6902,0.007570988716591347
ck_186161ce152836f5,0.030492218018735254
ck_9191579254663f5d,0.008922245156546615
ck_1e6628879e9d653c,0.019880567299322496
ck_b498fa91a0776ff6,0.02558622798148327
ck_cfc2384f22954830,0.08937407763996162
ck_17673a1c2867888a,0.003102059140463336
ck_523dce06515b072d,0.024168701209951498
ck_c20638a325ead2e4,0.0041494697387398135
ck_d3877e1f907cc148,0.05224769550040056
ck_e9a2495dea8675e2,0.02388603783096412
ck_7e561caa5fa1f3f1,0.030079905906624432
ck_455672e652fe1abc,0.790384011517058
ck_7f8f864fcc90ca82,0.03870457127548904
ck_1ad36046aaeb816c,0.005153294754850318
ck_de056e37c82e8e00,0.014566066920679408
ck_7484c214c889fe7f,0.02157260885504779
ck_32430e678c4f9f53,0.009598372487786538
ck_6276ece8f80ea799,0.03324515950707434
ck_ae8e5dc4b725bc25,0.02505273872409886
ck_f01be92dc78a2dc7,0.014893039537058093
ck_233397a8bd40d38d,0.016678869039767095
ck_f8124911450fdf31,0.8866969530984248
ck_aa0a3179f1111674,0.005106175238539329
ck_2366b29ed9887a5e,0.0036016440741625136
ck_1f22f04dfc08cf27,0.011336571712563293
ck_b62276c3426d680c,0.020127497671496852
ck_d099fca88691f66f,0.04233638369496094
ck_166bd1dcbaf4d6fa,0.010741780773926048
ck_7b1660e942436e12,0.027643160957719837
ck_4a9a791a1d409a3d,0.08537759576848751
ck_b003e5b54df65db4,0.013333786639843935
ck_64b4dcbf436f0b75,0.017646542663770304
ck_26e9a7bb2061a58e,0.027349509522257422
ck_08b77ad5f8f73007,0.0107939943276709
ck_366616a725afc6bd,0.026668435407270336
ck_934fb5064b6eefe2,0.004155044318267744
ck_c6abd5d57b1009d2,0.007526703209798308
ck_edcfa9e1cf29d813,0.05073966082209938
ck_c30201ebd003fdc7,0.01075925221850274
ck_c54643d94d3ce355,0.07637728681693184
ck_02adda6e91e49650,0.012937816184350795
ck_5b73d7c5255e58a3,0.09042966810848135
ck_129ffae92dc01408,0.005590875254009775
ck_fa321945ebedb916,0.030760141628829424
ck_8da980cb2e1e2bfb,0.027563780905887365
ck_0576b00d728bdf19,0.04459977947047607
ck_c543d82e22b3c8a5,0.005544733021857921
ck_0027ba644f9ae2cd,0.28550189397386866
ck_8dbf61df902a6bbc,0.0019732485068209927
ck_90eeca1cda79fd41,0.005338689591161327
ck_86d7127391d4e01f,0.004843532590702762
ck_73762038c7ff2f6f,0.004180767623464544
ck_a1484e6215fac651,0.8292206567076873
ck_cb83b9f806e90dc6,0.09750441894175406
ck_8c6f059c95872126,0.002763999261590611
ck_3174419a81e7caf2,0.00866074616711116
ck_6a0f8f8fa4a3c2bc,0.01828098815946322
ck_b5777605668bfca1,0.0035933944106099442
ck_27e4de495abb4d15,0.008665028173786997
ck_7f6fa79c7a107161,0.011472908046817859
ck_c36ed9f8e6792ea4,0.013949399119149946
ck_67a1aa88d2ea554a,0.05953550762661974
ck_09748dfe4df3d540,0.0026685567877823163
ck_27fd85b1e38b675a,0.006496858122532575
ck_2369689bd795ee10,0.007460180774172374
ck_4eb1c12f7d092bac,0.00798407461917315
ck_01fbafc42c8e33f5,0.008280189314390953
ck_93c4e05699b3b7d0,0.00894946177035534
ck_afc484d1b6907983,0.015389096050294182
ck_1b2d9cae92a1aab1,0.057104205628095525
ck_73b729cb161487f2,0.0055938263141483415
ck_fe3c1d0ac090d960,0.1849559479985981
ck_408efac1d3885ff8,0.06971919372560831
ck_ccb4dd9d0a48a76e,0.009852158418587222
ck_2987eab34ca7805d,0.020213279126186704
ck_1dbf1f15193197db,0.054943548886271815
ck_4ed711fe4053e74d,0.10683711191587653
ck_6c54adce174f45f4,0.0073714906007158985
ck_a6c740041faf0bd5,0.012424687226279901
ck_b05c4d33c4f43639,0.033138924577028266
ck_032880f1114dd51c,0.030249473398236908
ck_22311b037456a76e,0.0035474717222001655
ck_5866b413549765bf,0.014650334707900907
ck_0e808afe2570ecac,0.013384760716663167
ck_634276b05f4381f8,0.012691770379600292
ck_5d8773badd0d4740,0.03948118820509157
ck_82b5b79ce3517102,0.9079566456824477
ck_b378b8d8100ee4b1,0.01792524836040479
ck_54e581f71be5430d,0.010995548241694249
ck_798ba4b8aa544fea,0.010309308739377509
ck_3fe86b6331ff95e3,0.05619289230842514
ck_81275d9d4c559e6f,0.010326208126626752
ck_99a4e5ef02d89493,0.016231434742169138
ck_54e2eb018d947790,0.012370625034311616
ck_966901ea9c77cc02,0.008176335716936926
ck_27d69ff4e0cb428c,0.17925565118135056
ck_2cee2dd7bbfc09a0,0.8708547571971917
ck_4136b00924695ab4,0.002225548207387308
ck_59a164c40c03a45f,0.03290912070299202
ck_3e24b026bc66789b,0.003079975707493915
ck_8105bcf69a75ee47,0.008135173665017347
ck_7a1782cefe26a456,0.12925647249804004
ck_970c7dc195161272,0.002859635219533143
ck_a48ec0c00ae20e82,0.06845259916189424
ck_54b374ade34e1dc1,0.006406384311143064
ck_74e5dec189761d14,0.007342704527482279
ck_4717f24f2c6f40e1,0.21812714126223826
ck_fc8cd8a8209e802d,0.013141975127923835
ck_71db4131d7efe218,0.014054162025990372
ck_45424ea6f0bc4650,0.23163151161591963
ck_3716c6181a5035bc,0.01736637511889758
ck_26de14b96bdad4f6,0.007684280582067342
ck_99c0a41ac9c73857,0.003823416761730675
ck_645f15bbbcff3b4f,0.9159089341214003
ck_b7e25ddd41514d4c,0.006295731846608601
ck_d5c14e877ca7b755,0.005688494326209574
ck_05ea4440dac6cfad,0.04344102167566399
ck_c58bafff7b1955cc,0.020317518139690266
ck_f0cf85b67a9b840f,0.015569689771995023
ck_ce1500a7f0d03fba,0.014915984352229511
ck_d4972a775aadbbc8,0.011838606412864515
ck_3eb6146c262e0fc3,0.003920353299999472
ck_afb23858a4ef42ed,0.948079386763308
ck_2c1def5c91c52a5b,0.20586666648497268
ck_72e550559487b919,0.03213275677429225
ck_0284dc2b4f856b3a,0.3553556874990469
ck_03be334935e999a2,0.007216425848616256
ck_e35a4b4a3cb4cedf,0.023840915547291567
ck_5abe57dfff4b735c,0.009164973157619048
ck_f5f87f772388efa0,0.0288074124226427
ck_5a22cb36d612236e,0.01227923841657809
ck_8ff1e6028e764472,0.43065167310906804
ck_2ab28149b0986642,0.02139551517525013
ck_c88fc1bac79fa6d3,0.05161605201112932
ck_5b137d74bba6b1b4,0.002882930947254961
ck_11f362dca2dfaf5a,0.014694452663315477
ck_7f960541e5174565,0.008729994127254531
ck_d5458ba39ae94498,0.03140756808276795
ck_0a921a73a90c2e39,0.05618742602181906
ck_6ad56ef40086dbe4,0.015248352237409004
ck_b68199ecccf2350c,0.004968420444386443
ck_6dac66c8198c07d8,0.017509712198021943
ck_9b9ce7bebc235fe8,0.005387848795392948
ck_6b817117d87063a8,0.032997202981089775
ck_900d62b3184378c7,0.002930116893065872
ck_eafe9b89857149b5,0.015261569429200348
ck_e74716a525ee5b24,0.00208372405409228
ck_4e9a6f06ab134102,0.019525081006499783
ck_b0d33b5a3716661d,0.01105368624183231
ck_8703543bf3134306,0.01771307373753304
ck_923d6a0f83accef1,0.012956905391670118
ck_52e37e2170532e2a,0.12925095409320086
ck_c1c5ea839c58958a,0.0321659839100541
ck_660f0006780e87e7,0.01735487050727365
ck_830b2c5d1818ac07,0.021094307788723333
ck_b080ff636932d1f1,0.00284921379744079
ck_38730aace405f2ae,0.9426917607196258
ck_9790138467a06223,0.0028072890683156293
ck_10de0b0d86b17839,0.006048223380657368
ck_c3e37a4d3382c32e,0.0025420620184337574
ck_dd8edfefa1eba531,0.0020083354526608897
ck_8153cdadd300d234,0.0029342389099423533
ck_74d0e7c2c6b63d36,0.8872119368267367
ck_c478aae3031bb328,0.00793175522769136
ck_cf301f2194975866,0.014368023162411099
ck_f4de03f44e3a5bd5,0.016093186353451177
ck_b06ce826e593b210,0.026522716364651814
ck_2fc70b6baf6a0e26,0.015716656398104607
ck_d208494cf5c90047,0.05757147397003873
ck_086d29ccae565e5d,0.005220811140403049
ck_d5ef6dc116dee408,0.01072076062497735
ck_fdf0c5b722d83464,0.008258988138054821
ck_de8494b13adeffb5,0.005918600555325014
ck_556786868599143b,0.033955004529160365
ck_4940e78cbdcfecf3,0.0231204393812012
ck_d32fbbfe32c00416,0.027214648436640426
ck_bc7710f7e9fae649,0.004752226518463576
ck_416f7ac57da081a3,0.022217627044212065
ck_6fb39b60c67d5475,0.005670687012936633
ck_e40a156511345d6a,0.005692194435108668
ck_49ab879b5aa7fccd,0.1132128384173456
ck_bb643194d1cbc47c,0.958180742290132
ck_b3ce8f1bcedfa043,0.03660932446659441
ck_558ebde8c29132a4,0.018888289175376966
ck_e6222925762273b8,0.09666674599287928
ck_bd80546b4807dd59,0.018403263688186823
ck_bd21164bd2bbb635,0.020929473378931817
ck_ea835557d7043667,0.010167818348583914
ck_1411a80a157ff39c,0.01311383946942768
ck_ab973888c20c9120,0.07671370971798487
ck_95b48972061abe82,0.01920766727453049
ck_fc4a43f8876bf10f,0.37214213018571496
ck_f34fb7ccf82f41e5,0.005044431714573061
ck_5af9934a56801ac0,0.00880614422365561
ck_fc7445ec76389a58,0.13690503274929808
ck_1eeacc26f02fbba4,0.02206797616296275
ck_4f325dd15c9bd45c,0.026737679439695693
ck_5009a6c8bbaf15ba,0.04429433317858907
ck_0f3de7f074bb33af,0.009820847522958706
ck_2cbc2f93a32eede8,0.06832556426906697
ck_4bb90a61c21a303b,0.0247381031009626
ck_3ade9eac7d7b0dbf,0.20702652474474212
ck_4859a58629622915,0.01658850324033119
ck_5fed957287ebca03,0.003607623458758533
ck_ec01ae5351500355,0.0038438807207124845
ck_703b41624ae6a5b6,0.006485215308475478
ck_97c38e7f61c27e47,0.026319992206894023
ck_db2c0908150cb2cc,0.03720986611108128
ck_64ac5e6fed86ab60,0.8742102418527306
ck_da1c853b0a061e83,0.06150199202255911
ck_9a36916b60178ded,0.8617837889587743
ck_3715bfa7fed2c675,0.011524237127026436
ck_dd3feb77d7d4f6d3,0.027897548290347903
ck_982ebb24174a4ade,0.004935941084666586
ck_f6b7a10d47dd9a1f,0.014611890490218176
ck_1f56fe99f250cdf4,0.03379234479739962
ck_deb3ac0606d6f6db,0.01524908580308172
ck_e666629e5a41b39b,0.013582311781530156
ck_756d2c13d02b3e09,0.010249309105205455
ck_7bc752ae7cf5d55f,0.04885451676211307
ck_fc0cc4b25e6a8194,0.006553510702384783
ck_9b2b0e286de78a1b,0.014733082144549256
ck_24b0803447211bf3,0.010944123650752856
ck_82eed68d05a42128,0.05111376073519599
ck_c8a03c516ed5b05c,0.1008705898622411
ck_e914974cee1bccb1,0.018879555464828182
ck_0c533ff2d0f9962a,0.030719697296019574
ck_c12805fa5d970a83,0.07792305108513752
ck_fc2cb29918631f10,0.22939674857513592
ck_c20e89afe575549b,0.006618889754435708
ck_e1ff9e31becc27ae,0.1003791003249709
ck_18116d0ac08f1996,0.8937193366931439
ck_885a83975cea5e64,0.004825189694114494
ck_a0c3059a959ba5d1,0.024358909022471575
ck_75257ca7d7da2861,0.02120891697228336
ck_2210f7a0d13bdbef,0.03958845265329279
ck_9cbd9ecf8374f65f,0.023644473568630902
ck_18f67c00ba21fbde,0.012897263216224239
ck_2d28f14d3973d8fb,0.006281261877666564
ck_8b3401b44aaae728,0.003779040041604291
ck_9d8e9ef37797d3af,0.4781878179727785
ck_9f50920c894f64e1,0.05198439037005205
ck_4737e0d56c6fa0a1,0.013780229264603644
ck_52c311f29ca3aca9,0.003133188689951845
ck_6a4981bc721df37a,0.035218743595354964
ck_823539d936c55fc6,0.004536694661460363
ck_df5aedb4118020bf,0.7646340093899374
ck_a911a066ff0f7b56,0.01568966383895872
ck_684609767df4a14b,0.045843623447293355
ck_f2350bf355dc919e,0.017761030137292154
ck_8452b6cf97c65a5e,0.01596491507342468
ck_084cd84501012218,0.8605668102581301
ck_ace6b72e5bf3e93b,0.09858389240339682
ck_2afdd69094c955c5,0.10083558956346027
ck_fa7d5be26bf7b31c,0.12258292387528745
ck_4b041217690fca2f,0.04232216876041754
ck_9fb8e3d38cdf276d,0.7549982761377853
ck_c1ee56d65a42f59f,0.020859864463285544
ck_fdeaa1cd085691f0,0.00786571844815833
ck_5de33a7a87e9aa62,0.054415762568282976
ck_7476e7fe1ff45545,0.0287557559114259
ck_b0a947b498e47018,0.01302548463520216
ck_e3894ed88a7977e4,0.00891341931313524
ck_c7e07ebfb0bc15f6,0.03358322512531747
ck_3a3daa8b376f2a18,0.0033284445532293047
ck_87809324c2675b0a,0.03778105535881122
ck_7eb4f33260f1dcd4,0.0157410653595023
ck_ab9f0e08af030060,0.028658232004120356
ck_5b8fc4a76f340797,0.009881044883921516
ck_0e7bf10ef49aa818,0.04292021856576155
ck_a44462a3853ac67e,0.9721407320199648
ck_2d14bcd2e0fc043d,0.010579329542436304
ck_df1f2dba802296be,0.8923167308838416
ck_466a7316eaf149b1,0.037641832949270204
ck_50df50af592b0c06,0.009568106710286956
ck_5f9e34c849704b95,0.004508638575051112
ck_7836bf6def26aa87,0.015814966245542024
ck_ba175b1bd8efaabf,0.022310564801561815
ck_1a0aac7f7b94b1be,0.21371025839267843
ck_6768c4b2aa8ce586,0.012621054754452741
ck_eefcf0ed15897898,0.020452581636680907
ck_7a6cb27e390b6ceb,0.01137820465638717
ck_5275be4e1577c1c7,0.00752277755658259
ck_6bc0e5b8c0b7d2bd,0.03450761362325878
ck_4874bdec79f9106c,0.018435864358502627
ck_a678731156ad7bd2,0.28566375066096955
ck_db906debc36a5d1e,0.03974799084369054
ck_e87897767c612942,0.029374516400829224
ck_45ed5ee496ef8a67,0.008366546389331915
ck_ae20e28f9854f3ee,0.024313355138962704
ck_9ee044b73943a90b,0.022059799051087958
ck_dab34cf6f0626c9b,0.055739228383403054
ck_64a02b7b96149810,0.0025728133318326817
ck_c417d06f3e94685d,0.007786891370665989
ck_3e0149cdee4cb294,0.01834559716513553
ck_0e6046fc30f81705,0.012241800816242801
ck_c383aeabd53e9c89,0.02447342221132979
ck_2ef76f1f36e8b869,0.27710980912011024
ck_43948784650bb9ac,0.011698864001594148
ck_bdb966f43ac350ee,0.05873195503639743
ck_5bea0e0ee0b094cd,0.0034921985383703936
ck_dff090f03ca5529e,0.005232696039141119
ck_a4691b57f837d88e,0.0182351749128866
ck_99ee90946395d74d,0.39060608972349686
ck_cc81dbc83a8879fd,0.02589373789939597
ck_f3dc0725621b3a35,0.0039255029451867995
ck_1bb212d1288b9689,0.023257644818114296
ck_9e7278fc7679f002,0.0468847834555072
ck_3ded7a8720d7e311,0.009135543660667121
ck_798157bcdb9453e1,0.007868484735070366
ck_9fba80f56f357fe1,0.005568113080340224
ck_f1e1c8491f16f912,0.0038361979631411193
ck_7b1319a5ca2f63c6,0.9625671719757696
ck_124432fd5c92af7e,0.6283642849487947
ck_148cb0c723284dc0,0.009579970462544982
ck_b56c62c950eda009,0.004323273871033135
ck_a0498755cd8d7188,0.0038701148746028923
ck_5379452a9d74efae,0.002245885638908966
ck_6c2453229d608183,0.1263296057423707
ck_f9d8b4813a88c1e6,0.009983231055849875
ck_c2c7d1e45a521857,0.05439237947629789
ck_4364a83a11743888,0.010907698923051223
ck_2cdf5fd97ba75e06,0.0757669735892117
ck_71bc01291e0533a0,0.012159642782552911
ck_a725d7aed2a0bdc2,0.0033923701836118627
ck_a9b0c4dbd7db6a91,0.08009736322939215
ck_a4258806a533efa9,0.01677612777542298
ck_905e460591d9a278,0.07343934983265209
ck_20de8abfd8960ee3,0.017975282346248643
ck_252b0a0f1119b220,0.0032896887896696715
ck_95e4bef65c36af1a,0.0038717000746917385
ck_5ab68b434ad53fea,0.01258485408026328
ck_13677a1957078827,0.004266118067454905
ck_d251e9fa09e542dd,0.9628818796943236
ck_700cb620f300dd47,0.004953225272723842
ck_39a68c55a1bd3ace,0.10406889145601085
ck_61a59a7944d6c53e,0.30576369860841796
ck_db6d1c6d31da967a,0.007157210750937441
ck_650020c500b1b50d,0.013333127922386181
ck_d812eb6930192793,0.004485122780352996
ck_92f6ebc11ebca89b,0.10869140139807074
ck_d87e26eb5bc84b01,0.0038224554077277554
ck_66439e697695224c,0.007531250763207195
ck_f21efd504faa654c,0.006551010573210993
ck_15eed0f5652f0352,0.005897981655174103
ck_bcdbf57d98dc0d27,0.03159290520224246
ck_873ceb8004d3a9f7,0.03521172279592956
ck_70bef9ddd4bab005,0.009051446546672687
ck_7560f1891d66f294,0.005050748934332151
ck_f439f16f8693883f,0.01748926671443077
ck_14f9535e53f9c7a6,0.05256549855722448
ck_5984be472d2bc267,0.1635252103845218
ck_ed01be7504dc4187,0.06404005939433392
ck_dc3d8b5c17b67ae9,0.002001142473029014
ck_9dc23031b6b494af,0.015569689771995023
ck_fbdac0221bc03f66,0.0099197830857974
ck_863708a99b92ef0d,0.03196276803720333
ck_22b52654776a1ea8,0.34889827402315776
ck_a0714f98001efa0c,0.045677512726508454
ck_9c56114f84e9a541,0.013989393952708831
ck_e155cf506b2fb699,0.015269187510315203
ck_65ed7e72f24731e7,0.011819906413992326
ck_822d6e8e43befc72,0.45751458474806195
ck_b1182471d9ac6b26,0.00595167587387332
ck_821446adc95e6da5,0.008493100548852137
ck_ff182f033134dbb8,0.03946954598880447
ck_9c5feef7647b0588,0.055788733056850504
ck_df935d8bdd44883e,0.01796155369913133
ck_01eb24c18ad11fca,0.13534911911608757
ck_00d6730134a1eb51,0.013503717507311368
ck_79ba8e85678d0224,0.03208150595929522
ck_97e3b04a1350f6e4,0.04187513735635276
ck_74e9747954a46eaa,0.008949053998777608
ck_397d5fcc9972f909,0.015569689771995023
ck_9ede89e8a43c3f53,0.13327777012162917
ck_303b33910d67f306,0.0026691557766260637
ck_3c17841636f6f7dc,0.013554214569047679
ck_78730527f8ba1438,0.22368690151735737
ck_5ee32bc6bb5d1d4c,0.060970962465838656
ck_a13fee8cd925d0dc,0.018188170766722522
ck_6f847263379f2e43,0.024470659431945183
ck_9b9d9e579e7b55b2,0.06376613573442058
ck_87c1d0a79e79c84b,0.010383892119615481
ck_bfc453eabb472f91,0.007774965316004839
ck_978c21bb5fe3171e,0.05597551149820297
ck_dd882323474431d4,0.02378086504063597
ck_533c4f7400d5ab22,0.20669208327499364
ck_5f217bfe28954e75,0.8838464317454583
ck_ae96d35465b3b4bd,0.004319762087125234
ck_512ebe97c0af94dd,0.4010895341319876
ck_f558fe02bb0219b8,0.00937294910997026
ck_84092e23d5ef4d51,0.08526027190766208
ck_17d3022ca12eacd7,0.013517892696672886
ck_8a8f81bf3558fd9c,0.005938124009316132
ck_0ada6fed1864e7c4,0.040580633103328156
ck_21fe7bc59dcd78fb,0.007907715489013475
ck_e136e20c1c74fe38,0.00520657041329347
ck_e7a530e09d113dd7,0.032766000443309275
ck_7cb0c9ded4d63027,0.07366819032912397
ck_102db9615e722c9e,0.0925906650819939
ck_129e39ddfde92eeb,0.0027143469594035755
ck_d730ff21bfd7769d,0.011697915611143474
ck_54459b45d2be8459,0.01487784646310264
ck_7f1c20319eb60aa6,0.9647005498253284
ck_939fede90473e412,0.015217799827296381
ck_e0f9506a6d5f4a1a,0.0056224020694847715
ck_9a4967cdf49265cd,0.411498078704708
ck_b9eaf03453ac7d5f,0.007701124083490299
ck_522477be6376b450,0.010737378130397995
ck_9b6282e3bad50710,0.019780822244059075
ck_a0e3a2facd508e49,0.06803851964148928
ck_97ffae702f7c3d08,0.002555171398618486
ck_344a95cb7115ec67,0.01046301287116207
ck_1f2760764afa45e8,0.008014940295660019
ck_720cd658d11ea428,0.011034364223314911
ck_04e32ee9834c088d,0.42597249578192703
ck_2bb1389e5e72c8f4,0.08798527033415819
ck_961e7dbc217cfbbc,0.006541329577088082
ck_f3bce4eccfa6d6bb,0.004427876181975533
ck_e0ccfa0d689339be,0.01015421986015704
ck_98217aeafa0bfefd,0.01568966383895872
ck_a02aeec1914c158a,0.028041615442215374
ck_20a17e8f206a14c8,0.022761701813707434
ck_114c32aad4b6183f,0.0387221921476624
ck_79f5198f0decef20,0.004302453581967142
ck_2209de229b4c71c5,0.015574454687535079
ck_6ee939b7f396975f,0.011837004993737556
ck_202f0c14b07ace01,0.052035649995562296
ck_fa24db9d416ab904,0.012108831235068857
ck_cf6aa24b92c4d33c,0.2835737709979565
ck_45f57fb8194cefc8,0.019788583398748685
ck_d5eb179dc45394c6,0.018938516797228553
ck_efb24be983342f75,0.03855874197716452
ck_245f5d62ead5ef28,0.02020343511487004
ck_15fe2a47fa7e92ea,0.003985636193687019
ck_b6527a85fd682554,0.06831742829759506
ck_11f9390a11ce9ff5,0.028463355808211223
ck_ffb4d892c5158201,0.004475830554207824
ck_d4c1da5a1427fd6a,0.09250673241975681
ck_2c041b1efb1c5063,0.01012661881337452
ck_ecc18f40b33be769,0.1684835260577722
ck_0525349f3945375b,0.048024314935197
ck_0bfe62e0c7eab9c9,0.032437197686674975
ck_b7c37d410b1646c2,0.016439195803300985
ck_4b15b0746318cf42,0.10124060041117543
ck_e5ee006ecd8ff661,0.06396681936710179
ck_ccc83cf66365357b,0.11645435291111288
ck_34a33ffe8339f66d,0.8585458488272971
ck_4e39e3b165edab58,0.7980365634079353
ck_1a71f8081ae00190,0.963952920610992
ck_ed8f1200fc049c40,0.9404633882154262
ck_8a5a57858e8c77f3,0.02564613694911226
ck_fff9fdc2adf5100b,0.8124297821137916
ck_c76f1bf40f3b787b,0.002546939126506047
ck_1a6ddfeef82b1b1a,0.00980146397175471
ck_478d2667aa9896d9,0.010071393393912713
ck_641c8e7694b21f3b,0.02795380150274473
ck_293581d879f6663b,0.9094481363395543
ck_1bfa8abdb22be8f0,0.029685457034949434
ck_05ab5b03d0bf9ce4,0.22687348018061934
ck_35694db37f0cde7a,0.0021835071949518788
ck_fe33eb743d714c03,0.022335330735789992
ck_abd10fbcbaf2b038,0.006674767512004823
ck_46d51648c1bf80e5,0.11551917636417613
ck_5c8390017fabfaef,0.11162028155032144
ck_87d55ca333f22072,0.0033940803203743185
ck_c39c6a1453e2b92c,0.002736627386298465
ck_69ff1b0aa143a168,0.0020390406506080212
ck_e57c79eaab35ded7,0.008504619090336292
ck_463ae759e2b6ad1d,0.0156167688806141
ck_0dae4a7eb587f3ba,0.010470890279639503
ck_9b12fb56529ebc4e,0.008639095480195156
ck_1af547077ba2dd03,0.37026233888986193
ck_de13de941bebc7cf,0.002715640193951417
ck_83dde7da2bf647ac,0.0030261962333172623
ck_c80a94d4660041fe,0.04661667801157187
ck_f39cfeb277ef6528,0.00412155631678408
ck_1cec1ed1512a2d3d,0.0026508236481311135
ck_7955a359b6448799,0.002656305494720741
ck_8c0955dad13c3ca1,0.0046936473006295824
ck_6d4cd2de601a2308,0.01751564518745003
ck_f4536ba8dd2d551d,0.015647970342062504
ck_b379c198d6db2d62,0.022646108231515718
ck_76ea90ebc74bcdc7,0.043991301744232776
ck_734f06bd4aa92781,0.03736364293866767
ck_677e1d0c14cbf569,0.005569081556178706
ck_259271c70f3fbcbe,0.02522873808406001
ck_c0b744eb9e7d4eb7,0.01635482320710499
ck_3d41faeb96802f68,0.008668043049473622
ck_8f604fa70fc3c8e3,0.009657418327301784
ck_0b3c3bea0e0ed339,0.01309942321429991
ck_be5df076b8a86409,0.004047207304987627
ck_6a475fe324d7d790,0.018291119394886843
ck_3ba3fa5387bacee8,0.0020309204685006023
ck_324b9939d9c1c31e,0.0025444484925959683
ck_a7fcf7b592f68ca1,0.04680772408619939
ck_5b2728f7cca414ae,0.0012441478260309137
ck_5f4a25ffd0b85a47,0.024365075937523618
ck_63d4f5076fe4406e,0.011990646788198585
ck_af528d66c86f0cb8,0.019812531121440834
ck_ac7cdb9b8da7b5dd,0.040910411257680114
ck_3bece63711407e25,0.06427551419802696
ck_d4e0b2a12fcfc35e,0.004482140746383673
ck_ee3e7c9d3a9c74b4,0.12147949253425831
ck_50d7c4dab837bf66,0.01959510619557679
ck_ebcb93a2990fc914,0.04653090812514414
ck_2329cc9702cdf7a0,0.03040550856034881
ck_db1fa53d588bf99e,0.019353464747873042
ck_44e57a0bad5a0745,0.020543034169931244
ck_472c81a144f4631b,0.0059962225057494
ck_1658429acd5306ba,0.013898833931662647
ck_466103ec5bd9444b,0.02353805502762006
ck_9757163e25262b74,0.020370379424180834
ck_34ed59bc2c9b0186,0.014804743563413282
ck_b7bd3a7f263f4f29,0.0544897679165754
ck_149662b09d632e41,0.03537654752380881
ck_a9ffd6b3957bd41e,0.007626790883530246
ck_ab80466ef615e85c,0.007857257632911766
ck_f2c824d3473db24c,0.014069229272938855
ck_a4a01fd45936b078,0.1035193563491202
ck_8f6ce158c2902877,0.004106963761804218
ck_5189a302cfa7cefd,0.002410507863193267
ck_430a3d03be588201,0.012531059745859847
ck_b5f9dd00914b4db4,0.0049388566024397085
ck_52dec82e9cf6135a,0.009699292553093201
ck_95e444a01e2ab4a5,0.018080092393311546
ck_e37cee7b123692af,0.049013033364996905
ck_d68d42858a55adff,0.058506234006147476
ck_3abfc010091d679d,0.018847117782878304
ck_cee4e4e1b62bf82f,0.06893900428699094
ck_9ccb17c35e636c5e,0.005955233509576101
ck_f72a5a3b0d6c1177,0.0029891165590927456
ck_7508aa554fae6afb,0.2423408118519408
ck_003aa842b7ca1d77,0.7897886834356083
ck_83b2b192f41ee2bc,0.10512161130001682
ck_64796b6b2c3c7f06,0.027834366979266792
ck_6438ae81d43cb196,0.02732473821296539
ck_2bd73d9098504760,0.0899018509347811
ck_aa8b9b36a099e4c8,0.021469645596381922
ck_e5ece47d0dd10526,0.012664277432339732
ck_16077ac345472e6a,0.029430768180754276
ck_a4d6e152b0076964,0.0068326310331428865
ck_d90b1d03ae151f62,0.025186527613292545
ck_18b36d342b530af4,0.037513752523475725
ck_2a01e610348b84f8,0.08143768468999975
ck_0a93ed76bf36c8b6,0.02085869658489672
ck_3d56b477fe2370b6,0.015113247977693783
ck_17ab3068fa303682,0.0035311848052670446
ck_592a3520d841d11b,0.027804106807617975
ck_84d07028b5fca2f6,0.0205753315158955
ck_f4a2bb10afa85743,0.013074530939099835
ck_4fe4b072f03f2c1e,0.0039492191019543975
ck_9ad08fcc183ea1e7,0.0050965045102371155
ck_130d3848b9dcdb05,0.013508737644155206
ck_bb399ed6bf28c230,0.015428356795416693
ck_a31a64a39a2c4941,0.012145992177009086
ck_c49f25dfb39909cf,0.0710477332342503
ck_55f50a9ae2db8ff7,0.00956089982258128
ck_09faa4e771cf876b,0.007600333192374628
ck_df520a7a6e405889,0.04518782697283782
ck_8c8c98cc694ac900,0.03821062897034456
ck_7f0c4f609673ef62,0.013818919220770729
ck_f51fe59cd445d2cb,0.00705657763454816
ck_b3fb83f0d772a831,0.018574729485745664
ck_d6e7e257751c299b,0.005032213950069958
ck_0d362ddb4a1cb6d4,0.0234510103360238
ck_a574a08edaf81781,0.008317098036464497
ck_a823f5bcb0e4b9df,0.003388288413634113
ck_f792586ad0381eac,0.043271809940859704
ck_54bfd70022c66983,0.014267043064995195
ck_fe0a9372c9372de9,0.006556018282735477
ck_5691cd6fdb6d8147,0.04725552844498284
ck_a95f212a02433d23,0.029024500530549432
ck_f5adad75e1c06731,0.06653977926548078
ck_e09c97520eb0533c,0.016154043195654614
ck_a1e13c0d58560340,0.0024365076663779824
ck_cacc2ca410cbe80b,0.030713245468253405
ck_c0dde2a6ef1e08c5,0.00246642112110005
ck_a04403073c90ce38,0.0017261246010097995
ck_03d3026107175dae,0.02842597076369419
ck_50176dae5b1b716d,0.009339958019552154
ck_6c084bfcb38e96c3,0.048217165917536164
ck_36d2be9012f7909e,0.04067914221403811
ck_958acf84c6137a22,0.02737018468190324
ck_114722e12db90a73,0.019359499891267923
ck_203c2a22c0c165ac,0.018902211218870618
ck_2c44ca550e5cfa82,0.035950937438336654
ck_df0a8f20ab8f14f4,0.052645304803074965
ck_826a27ff7555192e,0.016440901247733165
ck_09a988ebcf062297,0.03793438649795188
ck_5c82444b3b9160ae,0.05453426521667411
ck_f6a4a7ed27fe76fc,0.042868451350294476
ck_17de46314b5c6a92,0.015367263904901432
ck_335e63101b1e6c4c,0.19880665247972792
ck_c5eefc0697451de9,0.08969427781499133
ck_49a0efb5d4067b6f,0.07578779240920039
ck_c1f4509c8f5dac5c,0.008941509967117012
ck_57658eda1c59bc52,0.003450330826081708
ck_0d5c0736ec76385a,0.0028308826286545883
ck_e0239e6ae30795a7,0.011266722975595177
ck_e4459115cd8e5e4f,0.029293979696378307
ck_bb4aec09d4968dda,0.15700299991311537
ck_a1b4c96faed3e0db,0.05255329529410986
ck_8247b79ac67aae7d,0.01436929499304778
ck_fe2fc7d6e5d83f09,0.00929780297938974
ck_f6aea576cde8d592,0.0039933091424447995
ck_b7e7f7d0cd886412,0.08432101931178035
ck_ca7b993e8286af7f,0.006293054504437921
ck_47de038381a9cd65,0.030041172965903837
ck_d38f941d09eec820,0.09974743889996017
ck_d9ba2a6c0d926b4d,0.004125686525223496
ck_cda72f597330d0f3,0.006078526983929579
ck_16d2d27fadeeacf7,0.03194509012211957
ck_be05447853d423a9,0.0035396667301262293
ck_cd92852d7376a4a8,0.002941255077556275
ck_2faf7ecccc9fec58,0.0036365439794810105
ck_db8733fd92f20cd7,0.02852224194990423
ck_a9989a3a94c26634,0.04302883692561769
ck_957fb25437c75e41,0.12478267605158194
ck_e6a6caf6e7de17c2,0.025287307645521763
ck_f7bc569b37e8bdda,0.00996238654241579
ck_703b375dd86a6124,0.02739614549875459
ck_d3cfb3603f2c6ca3,0.08813175864138334
ck_07cb2b6f2a4303e1,0.034607057070819514
ck_31631e2028d4f855,0.0243119941979683
ck_1631bab0ba1256db,0.044132119745206075
ck_5fdafeaec036f016,0.03645199985119152
ck_6eda4c36aecad602,0.007324167010642457
ck_bd1bf9e3e29de281,0.06593070577235845
ck_bf378ea558a4125f,0.546259259752646
ck_7aa2deeda0e57412,0.9348382989354644
ck_d229cf7f5a3f38ca,0.0126228666364911
ck_9e109edd124492a5,0.006921339350789562
ck_779491819995625d,0.027118119214926847
ck_b89c6fa2ad0a12f5,0.015304670067550817
ck_1d01b4a609918c4e,0.7002311016277378
ck_714c5d7cb17bc9f2,0.0191621851598955
ck_269f1746f2609ed4,0.008557689621999182
ck_4be03a2aa62b93c7,0.0028026298838017194
ck_cf920313f6dd28fa,0.007475560820776831
ck_fb00aae4e17740c5,0.013763886403646374
ck_085d8c42739e2b10,0.9728695317165129
ck_c72a7d0d03cf3e17,0.07045069449460922
ck_8f6ca5d3b17eac6e,0.0037310592471240687
ck_d9573100bbff4014,0.17480468002014732
ck_79d6793d1d0cf43c,0.0029670977305742714
ck_91fa5032f7aff0f1,0.12770480825974043
ck_87110d84872c0fed,0.020859935196313375
ck_8220da627e9992a5,0.00736401950281179
ck_2ae44938847f3852,0.00966589812787875
ck_b0f191e44f9b6f35,0.09825131456071524
ck_3049d744b527f4d0,0.009369554253697478
ck_47d3e8d1dd3fbcef,0.025374094286156286
ck_ddf787359d2b5deb,0.005530212917465443
ck_b27a9e39726b26d9,0.005703094454828389
ck_80c4e9274cf976b6,0.9253289481516136
ck_c6afa913168ce8fa,0.004373734606434962
ck_52427b3f8478db19,0.014416322363584663
ck_3b810f15ca0eaa55,0.006154298824637228
ck_0c9e420f97baaa06,0.907458115086295
ck_f8540cf3a8b2f8c9,0.015569689771995023
ck_1402d24dd623df72,0.008288979718168313
ck_eb4f4267e24d042c,0.0071388479186790775
ck_6f661b428d6fb8e4,0.029825975493862532
ck_519a26ecf3d29c90,0.003254922233119859
ck_e886ba71d4a6fd73,0.045651108311307
ck_437f9ecd2016a1a8,0.002254687861451665
ck_f01af1b0c977cc06,0.022811637510921322
ck_614f777c2eb5d537,0.00591336915754418
ck_b804e784cde9af8b,0.037422593140405226
ck_c2dccbc1b24b137b,0.06910915201741878
ck_1df4a1781a0f6999,0.032866459698804515
ck_bd2cdd53fca26171,0.0140392487381604
ck_424c254249a109f0,0.05167157193503566
ck_cf2ca4f286e289ba,0.03127210519552211
ck_6c33cb15b0d8af54,0.015099349955566955
ck_311d395fa9b8550a,0.019586163587076585
ck_9f792e7e721ff7f1,0.0034906706965552783
ck_4c37586080edb7fd,0.0040510346416707645
ck_7c4f42c5397113b0,0.005949535904848981
ck_fc418f53ce4aa579,0.9285605685871857
ck_1ba28fb7ef726ce2,0.006470079038856021
ck_d932f98bf6b83956,0.058834382663882495
ck_248b3659a9239240,0.017811158071540826
ck_6a92cf5f4cf5de38,0.017911122219657887
ck_65519d0fb137e0c5,0.0037977413067341735
ck_ddc3fc99eaba2064,0.031464280882080926
ck_7310cda3bc65a73f,0.007715734648567417
ck_c01c85bd631d4054,0.015703178804444693
ck_b4954d16b9749829,0.013702224360043145
ck_f301f6758e170d66,0.03219865035145243
ck_9bf95f8c47e7c7b4,0.01800846694478075
ck_c91b7fccf6aeb4a5,0.02009743453512481
ck_785fa45e86bc5e95,0.013767539922718461
ck_2a65f1cc23f1180e,0.006300450790279369
ck_a49a2c1f881a3560,0.007113572126708284
ck_def344d68f06d749,0.01620567154021221
ck_abbd1465fc730d78,0.011714754415234325
ck_07a5610ed28162fb,0.01261383233299654
ck_7ecdee2d7127be8b,0.014220787543249415
ck_67858bc00e81490d,0.004473936377785166
ck_b4ad165ace910222,0.01517763516535273
ck_30753ffe481a1b8c,0.7188786701129652
ck_c401a26725b17177,0.002608560520875991
ck_819988d8a7f26415,0.006545371469702076
ck_3364a1d9261b3638,0.020668871452751755
ck_c484c5bda389bf20,0.002365986101139041
ck_ae416325fef92c9d,0.9418800029296479
ck_5517b9a865960542,0.012145262503286652
ck_a0e96fed380440b2,0.013937235405397248
ck_e83409471d2b0b44,0.020200045725567713
ck_127273af97d7827d,0.009193307261837095
ck_aaa9861c91bd14dd,0.015376782172804826
ck_a378c58294001a36,0.8934122028918564
ck_abb9d65ff1f95b64,0.06190597289747192
ck_a5ecbefa849ae569,0.01268775598595117
ck_aa9953c0ca2bed7b,0.006071136804988791
ck_40bc6de252865f32,0.008802562294841854
ck_9fb11688dcfe1513,0.011533801912815948
ck_ba68841ca2ba073d,0.01654879015710634
ck_1d3e561a7d20be0a,0.9511519099702314
ck_99a92d710a29c1d0,0.01834160298247761
ck_ede2e887697ffac0,0.003600410279474251
ck_e6de67c0d82a7b83,0.013449165674973488
ck_6b38763bf5ddbcef,0.016053726033086458
ck_8dd44eead7d765a5,0.029911871882524674
ck_30bf5b0056eea9e9,0.29919887500440595
ck_2981d16f8a51a8ed,0.08479381740004197
ck_fc60f42c68c7024f,0.035292093476597404
ck_8e2b2251ee224aa4,0.011250025161175183
ck_1906f0dfaf6e9bad,0.8405946383107903
ck_dcbe6814fc4ca0b4,0.0996038429746449
ck_f7e958a286ae3b57,0.013755063112490773
ck_713649668a7ca824,0.043377999593391794
ck_6f73cdbf9305e2ea,0.020336658349533993
ck_dd1c490050cd9051,0.020352619904370744
ck_e30db36e376606f7,0.2715160039595342
ck_740d8fe8028b5a2e,0.014804872211459525
ck_ebbc9418cd41f692,0.003538988734594129
ck_7b3cc6cc3f250f39,0.026314968771620057
ck_1d30eef7110809e5,0.5183340236785093
ck_77e0589ab339ca66,0.006687800472372452
ck_15ccbf8ff7d14086,0.022967506864539074
ck_246989b0c288664f,0.012558846023396185
ck_fc2a6e27b10b10e9,0.0030458270657785476
ck_8afc1112c12f5402,0.012781478569488207
ck_a76e8d83b9141364,0.033619223670496634
ck_51d3e8dd7465c015,0.010933362629090497
ck_e7b4016909405981,0.0033601709429271092
ck_e7a3cfb9bf908e80,0.028303157666388957
ck_2bb49dc2388cdc1e,0.005849496868816793
ck_94f4266ee7871345,0.03246725640827297
ck_b2c896beec146477,0.017806265170784184
ck_fcf5d4a4748cdd53,0.010225438417664615
ck_fd0483639811f62e,0.2989436600313864
ck_9a21d183524734aa,0.06775232327682604
ck_1df4b46c0a4c317d,0.027973930085939954
ck_638df9e8a22dfe0b,0.013334945194372224
ck_65acc43a6dc3e65d,0.010071977463284938
ck_7c67b73196e3d0d9,0.01574898392070434
ck_b0ee3a98175b462d,0.006777939443471912
ck_20fad010969f1abf,0.003781376848000826
ck_54b087bd873af8b8,0.007208300890587208
ck_8007824431fa803b,0.008912784002561428
ck_23aab322810b9fec,0.026894354842500225
ck_c8001bdb9aafc8a6,0.012177723910228908
ck_3a34c3ac83cf84b3,0.005266703644803569
ck_60187ac2c473a662,0.9200668031445756
ck_6a0ccd7357979f0f,0.0719425852542996
ck_27f20337bef5ffe0,0.03892070763339909
ck_f9fc468915afe49c,0.08047595578649037
ck_1eabc15a94bd9009,0.017945615967594263
ck_26896c494b2768ef,0.018162434156752925
ck_348c874eaf0354f4,0.21235691963054282
ck_be9c46acd216b45d,0.046343039370810434
ck_a3cce46d15cc20a2,0.061132015416380074
ck_70804f60d9704128,0.12305262461272569
ck_a019151ca8e7527a,0.02177907782348585
ck_571133b2aa8ead51,0.028166729393681724
ck_0afa4449f20d5196,0.015178516251893684
ck_4d503c41cf4e5034,0.03650832030424622
ck_d6fb9cc5171e3e9b,0.8318719229200627
ck_05ed92a7c3e10e5d,0.03130130255616816
ck_bfb067986660afe3,0.03719711504838307
ck_c1a31690c8573226,0.00523775736051768
ck_cb88ef3dc1f42225,0.003062243203737811
ck_21e3b3bd998745e5,0.03379296863954029
ck_cf52e46fa54e4540,0.003069891101622587
ck_b72c7ac4208052ab,0.012660924132918843
ck_e6465c56b337e6c2,0.010457798325330933
ck_5f87eb05d18186c0,0.026818844838329862
ck_263f6c5ff26b5e98,0.009401187158037037
ck_e0b7e2c0bbe228d9,0.023871297111895933
ck_b657ae3c146cb7bd,0.001956483996140497
ck_abac514d8167ea58,0.019770761957133818
ck_024dcab126876002,0.02491405722290758
ck_5d8481e2b38bd99d,0.015379057959210688
ck_edf229c17d25dac1,0.05866702575146395
ck_6cb7c97b72d6b5d3,0.010229442133536932
ck_c96ae2c28086a059,0.28688725251327724
ck_2f241b97c0f8389e,0.020033181877447
ck_9158bdbb63ee8987,0.008686191165507215
ck_e7b40b60786c1530,0.030684955085881975
ck_66d38518f68e6194,0.005670452020178812
ck_8c9b57ad2a991416,0.008067767258912334
ck_cc91bd7152d3e9ba,0.03495250464985784
ck_0d846660c7957a88,0.013928793014866334
ck_60896cdac2212bea,0.07652094722183571
ck_dc4db8b932df49de,0.19284205840250018
ck_2dc31db181150e20,0.006570245427078805
ck_2f138fce1171e277,0.03703706999916951
ck_68b8b859a6ef505b,0.04360154830494407
ck_c3fe0c6c5e1f40f6,0.010744433811632946
ck_15886fe84866de92,0.02054085698950682
ck_ea269b35406473e8,0.002754411385889391
ck_3ce7cad1f69b71d6,0.006200925309318754
ck_054ed4288ee58d6e,0.11884395345673703
ck_3d4913a86f207fee,0.02961644979237948
ck_23ff85f9d2355e8d,0.017793703345673418
ck_d87ab3261322216a,0.002237873433464882
ck_fac046ce336fe39d,0.004896666731985891
ck_beb97e498e6cf8e8,0.0545140435908862
ck_1f517e0ebf397b51,0.007573017771856191
ck_0af57ebaa45877a1,0.008606400898098606
ck_f99bc1732ce5e999,0.02312740575360288
ck_abb056a9deab275a,0.03894644305840277
ck_0bfc394c5faa65cb,0.04885643842327147
ck_ddc865af1dd5670e,0.01713909428224638
ck_68b5542459638b56,0.06940407452352798
ck_0b1d84252c0b46c2,0.021824423730452958
ck_520ec32c4f253604,0.023251330454462073
ck_79ffcfee599d77c7,0.011041956120138394
ck_eb224c0fd146253f,0.05168289284324538
ck_0e477084434da450,0.02986562309804462
ck_07840bba5570785b,0.05046889530000146
ck_6b67fe8e310ab865,0.01858092990620254
ck_e2a1068c2fa22525,0.015593116644115028
ck_b9c6b32f6bd92a3c,0.006165389329235682
ck_c1e7d1021ae58f00,0.0035387432397201777
ck_5d7801201749ffde,0.014690243635873412
ck_c8806749e263f70b,0.005780841541161783
ck_c9eeab826781dc91,0.026426192044745833
ck_309a432c160a17b3,0.012100818959856454
ck_b22e3337b8e3dbb2,0.025177209919761166
ck_79c30169c71b8033,0.7964289801978772
ck_5a6593d954085775,0.005457780781276213
ck_70b9b79ea1aacba8,0.021070518731696384
ck_63743141ffa11f45,0.01061386379878766
ck_dfd3dbd0d97a642b,0.01308699870484359
ck_635646a661f05b4a,0.021556748895721692
ck_4b123d6931b6d0d7,0.2994025998871124
ck_f2b0e7a47f442557,0.7716842546344425
ck_1b1df006b81d38ba,0.00929701452206411
ck_360237c1bd30f4bd,0.08820389782436493
ck_5e84bca0e362da20,0.05384900250157774
ck_142dba210ed2f3b5,0.1621770367919462
ck_a3564236069e3524,0.09879685185846626
ck_cf36d8b070ded782,0.01975815431723359
ck_ddd6625c5eddad70,0.003024592961788121
ck_ad54292a0b2f44ef,0.05437874915875748
ck_45cd5ef6b359e9b4,0.005460463239059694
ck_982c2392238b7be3,0.5865119011319907
ck_083e4ac78685c3bb,0.026257396764510475
ck_729cc0b46cc2e546,0.43153695472297554
ck_f2b8995fe5402759,0.015248352237409004
ck_73e24f5a8da289b3,0.09365211002894971
ck_bd85f30c36f5998d,0.03627595321525768
ck_ee4ff3aeadf912c1,0.01043140696305458
ck_63d2978706e193d2,0.01129564629360306
ck_6a0684436a1e66c3,0.4486299444282011
ck_182dc4a2f5a366da,0.0031398704144123464
ck_e6fecb82fc2a82de,0.014638469891866481
ck_cfb06f07394dfe64,0.0021754628617835056
ck_7bbe1dc8add17ef0,0.03841701987587142
ck_5cacad76e02c8e3d,0.9004746063456188
ck_ca68dec0c7df5a12,0.01553539845574745
ck_e4c0fc52c82065d3,0.010915088081557795
ck_f9197b070416f443,0.011949543645017066
ck_2a07c7021b71cf65,0.0654263872322133
ck_4fa85cebf707de2c,0.0032653483499926594
ck_0063d2a9507467e5,0.004549948085662478
ck_ec986285fff05b7d,0.0037044412253233487
ck_279d43303708109b,0.022503605535668096
ck_a406bf11e48cf8c5,0.08415393416482725
ck_064b2aa3f0bfdb6e,0.016206437740599624
ck_95790440bc4bd2d0,0.013595838784577492
ck_70066eea13b4c34f,0.00835603543836072
ck_19468fe07e26f992,0.8599248302565942
ck_86bfe328e0a533b9,0.8480758916711388
ck_ace3b96c977a7560,0.2831395910163502
ck_642344e5c652d8df,0.027327837499171802
ck_074be35c951ae10a,0.0225419270259293
ck_f14dce41036486a3,0.9725316298846043
ck_5cf67a3a747e684d,0.4070725046353184
ck_f7285b92648c1c81,0.00620187143766745
ck_bef3193f124fca5c,0.13452625564149828
ck_05c4dcbb45de1f8d,0.006029371795747939
ck_d7c28eaa05bb7144,0.006977395211065719
ck_320df984791a1b99,0.003589346881090649
ck_f45bad1606fa00a7,0.006974374309420716
ck_6f81c199e986d9fc,0.01065485050114214
ck_d0c9633fed57c344,0.033751442053690066
ck_a3c25d6cc7478068,0.06193433889722923
ck_4185506d12cf9fa0,0.00431780162974105
ck_7a02ee1bfba7353b,0.015348458595551718
ck_1b52590757c0fbeb,0.007700411202708148
ck_a0e5656e1cf9cbf5,0.006012072788899444
ck_ace21f6daef94f6e,0.0057346827584803
ck_646d8d0834782d6a,0.22467063369751772
ck_1f136a4476b5e775,0.010612208975727507
ck_325c7643cce02da3,0.05079677334892225
ck_9b5e7fe28208f5d1,0.005820813530392342
ck_05d81b1a150f31c5,0.005678299737070405
ck_0e9ec486bff403c5,0.03604006817522966
ck_ee13c091bc379188,0.01221385824430563
ck_f7a7f8f5903617c5,0.03392570725245743
ck_96c3a3517153390e,0.021965847719195762
ck_538dad7f096458ad,0.023757636032035935
ck_8758fc6622bbb7df,0.05502231999482273
ck_f7e53af3c91fec64,0.03730835465651916
ck_80b50fad7f255e1d,0.0023512757835723688
ck_9645e7adc08631b5,0.03797198904435367
ck_e007aedbf37d6ec7,0.048617938086682556
ck_2951d76c41de2569,0.11260482508738619
ck_9439bff87e616d4a,0.0071973540121204405
ck_a73045e96af0e4fe,0.024915708685945694
ck_7b382e533e2e925a,0.016210132688684077
ck_730226c2d216cacc,0.011021770741854326
ck_bdf837d761a7cec2,0.26088740013426365
ck_0b34197335ba3341,0.011471314712688209
ck_49170c4b31a20f5c,0.004547882290352671
ck_cd553ba6589d8bfd,0.019351322431729042
ck_56b992c6f136fa5e,0.03505594386736839
ck_8beae3d7328fa41a,0.06502559256219327
ck_1a065ea906ae3d6a,0.0063425381265212345
ck_e9e3381d5e0e5051,0.013079247992710992
ck_a6d4f998dadc90c2,0.38965781886334794
ck_d36733da917115a6,0.05688788965105653
ck_e738e920bbd74a7d,0.017054363284702414
ck_af65eb885a51048d,0.005077073022443586
ck_73f4eb09af29b1c0,0.009947771943856735
ck_8fc641b1750a2542,0.07177829648679342
ck_41b954c7a948c060,0.008491490601309513
ck_25fc3010e8a0f6d7,0.010963194547448896
ck_a2624e0387974e0e,0.03808071195147669
ck_5cb9d7b2329d5ab6,0.06070270545226184
ck_6c83aa1d100a7cd8,0.08956936025408321
ck_67025c64588abd1e,0.005100881331164844
ck_f5dde68f6f0468e1,0.0031885486986719743
ck_46bfb2cfc29a6d2e,0.007541926385872115
ck_49dddb894d33f6db,0.04829991231374454
ck_f738b633b8862d18,0.00330758189925989
ck_3d6c3c00d854f5a4,0.11019397099769758
ck_cdb8061d8d1a6c5f,0.0028666468167458364
ck_5e1b81848718bdc3,0.022270704683918417
ck_8def763034187436,0.02868576504072941
ck_8f8e4fb9c6190272,0.019966553291137046
ck_368b968b5f33431e,0.0026677165904530047
ck_ba7e347251ea399b,0.05533384721933918
ck_9075432001a64e75,0.01293229787085019
ck_73c5371635aca173,0.8459240828767012
ck_81793387b38047cc,0.003287605589803373
ck_0cf220816e320ac5,0.006876942605352216
ck_820219bb9c761b52,0.46885282660950106
ck_70a932ab39d86a24,0.001641726030355078
ck_2c4be237a7ed79c7,0.0023994072466302792
ck_acc764b49ef02826,0.5500665106373677
ck_74c3c3452e4e7cce,0.002110744634769347
ck_34dfb57e5bf31d2f,0.03518264632549025
ck_6ec39903f765956d,0.06833074142529348
ck_5986119e7d81e831,0.08815539866990847
ck_2ddfc948b8eac752,0.5549328071983104
ck_921ff5ceaf40a968,0.05836216763285022
ck_fb3b68b4424b5f92,0.06101359934957224
ck_c3db1b3ad4f16679,0.010828743200246621
ck_124a197be41687f5,0.029997351279061335
ck_c58d9151834f5bad,0.0244513232045083
ck_389607982eb6b701,0.6187469075287293
ck_fb0c138c003e933a,0.0033016850702304477
ck_50d0bb7edd8c69c0,0.04539453719624266
ck_c6cb651149dc9a8a,0.005358137213093239
ck_81e21354e477eceb,0.04743245266104694
ck_7696e38b3e4197b0,0.02511188225130002
ck_586001d3ed9e7fbc,0.00798621874396572
ck_bba413492dc46f2a,0.013010060726364054
ck_95b894380ad2702a,0.03640302431236675
ck_277621473369614f,0.9566176003621364
ck_a50621b5eeca84b4,0.002521114237668997
ck_bfa7ba218b988cde,0.023642890413586956
ck_5ea89567dfe78e4b,0.012986393994598422
ck_6c679602a6476ab2,0.009391662958775592
ck_d3885e286b3b11d2,0.08299846529915512
ck_cdcf6671b37c9c92,0.015502567575980968
ck_b5c93e6d34f8d366,0.0023092579104095467
ck_c24f61925dc158d5,0.0640768517387622
ck_cd09375e6c81d2c4,0.0441380568600995
ck_a95afc7a00303a26,0.05669317483024617
ck_8e89ca8b39f3f8ad,0.004610611978326438
ck_9a84b396aada3fa8,0.1323209018686301
ck_5124a2e415384945,0.1489071565120724
ck_d66bb1f063357f99,0.006308506672928955
ck_0fd9312411b0ac55,0.0366525433091903
ck_ad8cbe6e27e47ede,0.015468163157906606
ck_8398adeaf41f9cae,0.01960538198030121
ck_dcf851e7bb5855d0,0.012203594007750456
ck_9affb0f26776b642,0.002443700885554836
ck_f0424b3b36bdbef0,0.04963023485814991
ck_66746d1090d6d9e9,0.002858162323850964
ck_e5f8c8a5824db594,0.00608394149606736
ck_3e91dcc209431984,0.015889291315077363
ck_126a82e8d42e5ce6,0.0069195147487841075
ck_38e4a74ab256e2eb,0.009040656092188874
ck_1225a97fc413a419,0.06384090200737713
ck_9b5ec0f78e160e65,0.003836912582874519
ck_7c5529bcc079600b,0.040771866261719636
ck_29640fc2fe81c251,0.010025070223479338
ck_160e9ba0a3f7c1fd,0.008543502293013412
ck_bff090cb4ab76b9f,0.015013799095872976
ck_aa06ed358e43db69,0.04197220936483651
ck_7264486eb512d84a,0.008865740171522895
ck_f5a32e6160b28379,0.009964364549593822
ck_4ba8bec14c2217e1,0.01425145733225439
ck_610815786d729d2f,0.010581446676963355
ck_e267999226b6321b,0.004252834593329676
ck_f3996a3c8eea1ea0,0.022388418542825608
ck_e9b75ed7567a3f23,0.023403115668224974
ck_d21612d48bb4f7b8,0.012137755274197592
ck_1f871df76c6a995b,0.02178396835720299
ck_953bd5de48ccd70f,0.9180994913564519
ck_02a9104419a6dbaf,0.014171463403309955
ck_1eeeee651e05d535,0.027470114784742254
ck_e2ab04136a442a98,0.011608682524994767
ck_f0d806624ef3d359,0.025423681097357608
ck_4b68b38c1b3326a3,0.006273678914175493
ck_74e60495f8861156,0.02214044953892655
ck_398f3f4cf05c721b,0.003247579323816118
ck_f761b7650a0c1a85,0.029647620178318373
ck_7dadef33f5e2d94f,0.9053774236051748
ck_6ff6883633b8c7ba,0.0038763909584241096
ck_4d2159603045109e,0.014736876417605517
ck_a38bd07a5fac5c9a,0.007791005770945475
ck_f517f06551e69507,0.008852601917228902
ck_a7ea00a1760ad561,0.9477471678039372
ck_31fc51d5a3dfe16a,0.030628868181638187
ck_bac5233623b25ca4,0.014172217515473484
ck_385188ab27784fe3,0.03468735191370341
ck_9947a323bab5cacd,0.13150244699168753
ck_7973edc9f22ee7b6,0.045195686981874546
ck_f97c477986043755,0.01477606667768847
ck_1a3fd2cc4b4de196,0.006158442440985306
ck_e18ac29ea62cb435,0.041441785081507844
ck_9720a472a3e0140c,0.004795414243858806
ck_668c7fc7d7e47c0e,0.020150315640622942
ck_214af0806470ef48,0.014067021982048894
ck_a46c1773f01f0be7,0.07873640255069525
ck_f2bdcfb4203ffdee,0.038371193040278126
ck_40e84e6ffe788a4c,0.02433297858697202
ck_dfc6f5712d8d6678,0.18235077668825944
ck_01ef1036b2e66a4b,0.012881908951394416
ck_3acfec10eec32f9c,0.02926449959212626
ck_084a85145c15ed77,0.013589151209968248
ck_fcdb4fe2f095fba1,0.022441345341653984
ck_023908db0a193076,0.07923290581648354
ck_fec0ff92fd622253,0.02382636633442563
ck_c009c97d5fafbced,0.15797352807188492
ck_eb9f0c06ee017ee5,0.016337548892971603
ck_d7792b429620fc24,0.00673777557874789
ck_5e9e149a3b69c726,0.03682995560901632
ck_ce927322ef8f651c,0.007824759907558118
ck_b8fd61a8e82bce32,0.9027243319192316
ck_9aafc33fba1474cb,0.006308070561814751
ck_ce81ff9b8b35562f,0.01596132173685519
ck_25bfca1d8eaa152d,0.03917215271318717
ck_170c65860e2a7e23,0.0039016525505656523
ck_952da7ca9f33decb,0.01666756047229787
ck_1ebd574406235957,0.013088428715127212
ck_589109a188adc2c1,0.0032648128413395616
ck_f0cbd5383bb07778,0.08590177547710974
ck_242521e261148fba,0.00795996102977368
ck_509cece86a558de4,0.005560327210484699
ck_0dd7c5925d28755c,0.011837993300726955
ck_a7e669cf1c3985aa,0.01546606809503016
ck_acb84dc2351eeb76,0.0031852005260244644
ck_b837c7dac2a9b931,0.023049530720379862
ck_18eb1f9181f95df4,0.015466754723329994
ck_b0b9047dddb1ec84,0.40254195806814635
ck_43aa136bdb0a2832,0.4149061451466207
ck_3e47f8c56c811700,0.008732375177561107
ck_77c587d24695ea15,0.04477505394127154
ck_20578ac693ea4e93,0.026173879088932428
ck_b9f6040eebd1605f,0.22508734738685907
ck_ca9d86f65cfdf018,0.00927350240099307
ck_a4fa8833995c716a,0.008223788213547295
ck_f589f1e29301b5fd,0.04529504679581414
ck_961ddb8ff55d868e,0.0023394629766143363
ck_5662492a54e6688b,0.03845526124020955
ck_ad48826c1c26eb78,0.7438184753716386
ck_621c9ddde6bf2eca,0.04184642037056115
ck_417a3500b2c717b3,0.028085098349838297
ck_c7e129058beb3ac1,0.019333163473207845
ck_ec1c902b9b9b9c5f,0.22799412304134176
ck_317360ec0a67d27e,0.06894848465803126
ck_3e3ea5d8c4a229dc,0.05906179544787944
ck_d11d27de7bf0b973,0.3091284469096145
ck_d37d56e931105db0,0.009778398489650978
ck_4863077723cd6ce1,0.001772410820651987
ck_479a065d5903e9c3,0.003321397815728711
ck_e66ae4fd586fedea,0.014355852227663926
ck_192bbfd0d5720134,0.014361790863725092
ck_3b436cb29af99f3d,0.03187783274298028
ck_7c7ca54969eed187,0.05978474649294904
ck_826ee896c9f1144d,0.15514141992916547
ck_ba1f6dd43fc8a0b1,0.008427459335802663
ck_49685deb63e4e8f8,0.010569605483652272
ck_687ab5d5554bfa79,0.012746785193400986
ck_41346ccd9242cc8f,0.006993038758217207
ck_8f8e5e2b9dfec3d1,0.0358546018430322
ck_94d5ce61a0c50465,0.009134759035516903
ck_6b954c75aad8c012,0.03555515433976123
ck_748af92828c9d288,0.015081323900267549
ck_dddd14091ce812c2,0.02279097083161885
ck_723323f6870fab59,0.04606992019658577
ck_dbdf8d0708cc6718,0.02983282741033778
ck_f04938570a154de3,0.019546827716224326
ck_58afa1550b3b5294,0.023280211310481965
ck_3b150afde386ecff,0.045830392009966525
ck_666b95e75d99ec4e,0.9071476280117362
ck_e00332597cf1eb24,0.039773265579980795
ck_9a9e3dac79280d7f,0.04783588019373634
ck_e8d37262e859d9a1,0.015217799827296381
ck_895bb39d24bc1c4c,0.00360185352843747
ck_b367449195e36499,0.006834651452819569
ck_d23f9a50d1135ce1,0.16609096771091122
ck_670dc4910cf476c2,0.005051309517867011
ck_3ecd8a5ce65e21ca,0.007851826408975025
ck_8584fea2df4c6317,0.015569689771995023
ck_0789ff4562202b20,0.03358129492090412
ck_749e0e50c3907be8,0.005900908690142071
ck_c3ff6790cc6d7e34,0.005523317133773344
ck_75fb7e56432ee4b2,0.03505219243074241
ck_529fc3170fd11abd,0.11431143968343793
ck_34a69b3b4a681796,0.28700540111469547
ck_255f0e5888ae9e23,0.02442551235994541
ck_65be698386474170,0.005055988193150641
ck_5eec9ed855c26000,0.0057608509659190475
ck_5ab39bdc9610f6f3,0.3611687468339754
ck_1b5b75762f033462,0.03141213541172533
ck_d3e208671cf37f91,0.5517222212309465
ck_5068ee554ceff971,0.05571297113857516
ck_d7d50fb57fcb2d0e,0.0022645875067045193
ck_ba6e1115fceaa067,0.10932668796307653
ck_d07bfb16a4a7dac0,0.9254285141331444
ck_ead68310311690c8,0.8983875053712223
ck_ee53ce862bc9c111,0.018003643106742646
ck_97e56e6037024dff,0.005735504994494511
ck_80b04344c98ec072,0.06684196843914562
ck_5954f45a2ab45f43,0.04359234135097092
ck_18ddf7e836256e3b,0.014740394078325803
ck_89a1a780144d808b,0.010142933880857196
ck_a7331e8b808c39aa,0.09252094341403994
ck_a1fd0ad03ff9b776,0.016732598479936772
ck_c0cf50eef030b401,0.004878931969661898
ck_074f20921189e7d6,0.006928070715854353
ck_e2aa7be60794593d,0.13056834688800917
ck_72771757dfb7f7a8,0.018440898260015107
ck_a9cd84a6dddfe584,0.015088567719794046
ck_142c00f9f8557504,0.01511773284377462
ck_221b5d40358230f4,0.04787457676635829
ck_a2d7a563f520b7ea,0.029095795801669037
ck_66cd34bc568d95e0,0.029708303841402967
ck_a17128972d3e507d,0.04181433808852465
ck_bda299466bb2136e,0.011445858784377394
ck_2b699066665abe8a,0.01148023782415269
ck_0ac9848bd4ba0c14,0.0021293753182843114
ck_98d2f9a6ba3a3077,0.4763573110851214
ck_a872df31b28a5f7f,0.2565565411343432
ck_7e73e1d44ce82ed9,0.015824398812265363
ck_1a415416f620d49d,0.007621836297042839
ck_c95c786d2f8b8edc,0.012796058770061076
ck_e45012f22b7f91d5,0.0030024415063753663
ck_aa0b083e2a6813eb,0.0477351804036536
ck_4666232ddbf77756,0.006175693400485806
ck_e08e9c8ec5f23d8b,0.016466845885432464
ck_31d4c0518e5f52c6,0.0101570344388419
ck_c1ab40638f04cb02,0.012280597441529841
ck_4c1fdd1669c7cf51,0.00269073705655892
ck_11662cc7940ffc82,0.07203905293775455
ck_2e679af24adedac8,0.005756277734384657
ck_454b9e21b7f25a4c,0.005919380795566519
ck_355c4f29089731e8,0.8726413473325536
ck_507e40760a24d2d5,0.03836400714122791
ck_0943e0f305078e34,0.979217421584912
ck_abc54ed7111e9ed1,0.008012225918092489
ck_a60fe02fc04407a9,0.10963829968256962
ck_244b897bb4d57c1f,0.016246598722885888
ck_8c84fcde93a04334,0.10241764339877375
ck_9eea37d2de633b27,0.00957599286035119
ck_b2cb9e6610eca967,0.005499332235643034
ck_09aadb4c41b166f1,0.10684675953967251
ck_8d94fbb4828ef326,0.007159201755850776
ck_089e3a07abbe3b8f,0.008580735598134688
ck_dfee9de05e3971cf,0.0033860867021609626
ck_6abf8302ce052451,0.07264946735236302
ck_6ffa90143838a4a2,0.0033513108565930627
ck_325caeab5c7a9c3a,0.015468082535971494
ck_1964ee9db929a173,0.8558158918004948
ck_942b95988a6245a6,0.08943303573537341
ck_913ecdeeb8e21a9c,0.059236181875726976
ck_ecf9794349eb4b3b,0.03714712374658857
ck_b6cb8d6ae828eed1,0.10152149959358095
ck_2f82ea66c4f53b33,0.11111290821290173
ck_6e676daa4855b58f,0.07407265112407938
ck_2a37fef48b44e9c8,0.015948414771562267
ck_3bd12d468fdc2450,0.019781894504368503
ck_1a28b6a40a6bd3b4,0.041215165962124094
ck_61b79dec96d15713,0.004755616608508282
ck_31d5e3daced93d3c,0.0189469919677273
ck_e6c8611c0cf233d7,0.004198296947845426
ck_f04761b4a937ac3b,0.015609937984181706
ck_38c1c75cf055031b,0.042237032501311264
ck_59a561f3df01441a,0.035280806918005364
ck_04e40f556a5062ef,0.02570633492617911
ck_8409716d174635b6,0.004647399486427559
ck_3019afee83342701,0.039635033468767136
ck_b51a58e7f032c9a8,0.09507459599069962
ck_5043e474f848346d,0.03086277828455715
ck_4388abce33ecd01b,0.5242911891214358
ck_c93def7392f0aff5,0.17238407741395984
ck_72e7b1acc19df820,0.00602429211015728
ck_f253130dc3ca5b3c,0.02212466858826557
ck_eb264d1b180d4b4c,0.04182444638489179
ck_c2504f5a113433ee,0.011136677516001642
ck_c16ab1e4dafb4910,0.16202633125603103
ck_4bc42878fa180991,0.047056094771847246
ck_1c771a7c78f6622c,0.023281708712088903
ck_d523f0e50a2747ad,0.0049096701292739905
ck_9060f4e7ab7a1b0c,0.012732286393845013
ck_6b55ec4e87a5e22c,0.08540957085182328
ck_55fc62a5f89a7251,0.022227861057971154
ck_bd2545c62f258231,0.056739177133673775
ck_1ccdc69d0bb712b4,0.051171343952941775
ck_710f867a3bd5898c,0.0026944000624979326
ck_f91d48c40337d375,0.011375516963537523
ck_f76d929541ed41dd,0.03389155545735641
ck_e26a6659c237b650,0.04647629890064301
ck_184983177b73dea5,0.02471355460588654
ck_6d0d081bfa8a0022,0.03045166081961473
ck_2f6e64f638da0f97,0.006265195685723299
ck_15b93103ccd38609,0.018543686571710138
ck_094d10439b7b4eac,0.009016447521715265
ck_d2ca47180a926ba2,0.00592100741581991
ck_a69ca7b9d70972bb,0.0058499688828275165
ck_68914e67343a7d32,0.00887875460745392
ck_8176616132458c0f,0.0396900374118326
ck_eee99af3598311b8,0.1678048830332655
ck_94410eedfca91304,0.051520461361025595
ck_cfb11a0a2325bff5,0.00634248916822975
ck_75217ee144b715f8,0.07423715175854417
ck_d56fc799542299b8,0.006772028113208269
ck_4c352dd3e7c81269,0.0890614135100455
ck_e23e50e02cb3904d,0.10661801628489342
ck_b921af37d500e139,0.01053553778341243
ck_82181b935360dcbc,0.927811663609703
ck_22a7cf3b99c5e5fd,0.019943164512700017
ck_f67ee7910d532216,0.021525569583831856
ck_5f48762a14a0326f,0.005366927822004906
ck_1757fcb0e6e3f88e,0.3619952613534414
ck_2c2f080ba185016e,0.024932363232145333
ck_4c25570eb72711b8,0.006991973757558442
ck_a3be871ca22ac416,0.02471502141293839
ck_ab70961e7c6695b2,0.013417339931775548
ck_a1cdebfc42a52448,0.004026362682693727
ck_f1b80b821a20186d,0.014403865366005224
ck_ae668e4564cd2aa1,0.012079840412962438
ck_0e2bc3a5afa439d8,0.08010951147574068
ck_3dc378f37d0b74b8,0.020636318552053987
ck_9f9555197480d1cd,0.010631444007992274
ck_bf4e7d48770a4a8b,0.05357342945620108
ck_614ef655f0685060,0.010808142249764056
ck_04d2ea38ee27770f,0.0039037737788756685
ck_e03a9d8ac94161d5,0.003927324304217749
ck_d4007b5b26d9d854,0.0026149168633455063
ck_2dd147ce6d61749f,0.02510862764371528
ck_ff45764ea7d6619f,0.016165641817363425
ck_dbc487cb0a6c18da,0.8547090212543159
ck_791d5392bbd80447,0.012790373438739766
ck_b4068439c413b150,0.008480756176830502
ck_85df7b7de9700aba,0.0049721447642324355
ck_001e42551cd06e40,0.020509703904609117
ck_a6c02ae50932cd9d,0.009311599278261432
ck_9fd0be2c018ff5e4,0.011711719714055267
ck_32a495128395fde5,0.0037928722180140973
ck_b6f2a2fd232c141b,0.011200909672259275
ck_28dde633692904b0,0.09037740170881485
ck_a1a93c5f375f6021,0.0040170713406335575
ck_e3982142336782df,0.02978737786032481
ck_a9812ff3c111ea94,0.04998987645044944
ck_f04062216f95fa00,0.021499318442409668
ck_7c560467daca735f,0.001264792128168968
ck_76ee10d6e2dba70f,0.11876373852694254
ck_3521243bdac61178,0.022094178885330475
ck_28588fb03b320520,0.044497411249540625
ck_580dcec33ec232b8,0.01018280026478358
ck_7109923fd7dab20a,0.03139568681170935
ck_7c872c99481c1e9e,0.0193114533475384
ck_46f4e1f5026f4d1b,0.004629568860968747
ck_00d1ebc31ec4653c,0.019361735253598307
ck_aac70764dde15168,0.04299916640280643
ck_648c03f9aa4e45f1,0.19770055836646144
ck_5478eb69ef912785,0.10077608478484722
ck_79b8523137bb2603,0.05057115981814643
ck_795c49f312640019,0.002640310927144886
ck_89184bf7b7fe41cd,0.4166703077909156
ck_97d4bd922996fa10,0.012641064735897385
ck_1cef30d08f3a598d,0.005312590833397841
ck_2f9fd36a4a40a6a8,0.004807798904733843
ck_40780fc0f8d6f309,0.023323505956973523
ck_9083ca9fec2a7f4c,0.013678791320390404
ck_62081bc35aa59931,0.014410592982694308
ck_2e1b46c5fc56b863,0.14846465539698805
ck_3d139692c51b604a,0.07812436937003327
ck_b5e54e22e3d6960a,0.014101569767781142
ck_c0c4be3f44311b04,0.005614380491310213
ck_82a8bdd2692c2a5e,0.005231042600984542
ck_bdd2da300b530c5a,0.007083701969442481
ck_ee40498cd97183d3,0.03009221696009185
ck_70b9274473bd6dfe,0.011234429276720593
ck_473d6314ea614b29,0.008174847906181563
ck_7443d6dca8cd1352,0.004569109778553454
ck_3b49768b448b071e,0.016141921077130993
ck_b43f04431c267dea,0.0032642924302153297
ck_4424a5223ba2fe00,0.049321582202243926
ck_819bf3e8231f4081,0.024157848081432863
ck_91d417507a8c58cb,0.2809661702052725
ck_e88e86b19cada4aa,0.023992813044616347
ck_59684167f9c6bf4c,0.11603343787231518
ck_d5f5b0dc97b9dc27,0.018718454304059516
ck_13d1b192bbff8f32,0.010486912910722587
ck_b21d8630387cabce,0.023650491343865442
ck_e4ac22046699b99f,0.02497378933891938
ck_74b848064f2ff45d,0.004301948048866243
ck_166aa980cc87fa77,0.12330545849197665
ck_98e337806104dd88,0.0057696275395681396
ck_66eb09be007f0755,0.010413914616580412
ck_3ec9b9d8dd7be11c,0.011633699260832778
ck_8b8b9de339d75d0b,0.030578443682882265
ck_6715139e240007d9,0.009521725743463987
ck_a0255ab46e122d2f,0.005559840265864992
ck_66e81a4190c33510,0.006896486424994906
ck_5d75ea4f5c9080bc,0.46874268634384375
ck_df69858b8a8b3165,0.013989393952708831
ck_e15252ebd7553422,0.006235241342068
ck_34d6d74bb3ed11e5,0.004650476266677252
ck_c2608f78f6851d10,0.19498711532052126
ck_bb99071e8f58c8a4,0.24893116196453238
ck_06010f0df5b7cef8,0.08208508313022203
ck_8c582eb0f6c0148c,0.024212119276399262
ck_0034d010d28aea78,0.006548771910316327
ck_01c1f06692566ca1,0.017701603394091023
ck_4807726e797fb893,0.01455687106835399
ck_edc9668282e3c8cb,0.02191779312655752
ck_5486768475af7bb5,0.9065732171012074
ck_3fb9813849e51837,0.026974961315426114
ck_861af5a9a9a6d619,0.011712871920433198
ck_da39653add0f1109,0.006204812004534288
ck_74a4244eb1f162e4,0.00296366196084329
ck_9a930faade55b8ea,0.0051258721224493225
ck_fb6e06ca88519dcd,0.02081851663887951
ck_9776cd8263a9f415,0.006403571245391591
ck_b3dd1198ac5aea73,0.026770641533356038
ck_b6675a04df1a4276,0.006113904439728076
ck_5c7ad6e731b69333,0.263748795727789
ck_28dc0fdbaec00580,0.19547394225088705
ck_8e7a32f7e3905f4e,0.014268062690647119
ck_8563fed6674afc77,0.036837776798864914
ck_9a2fcccb82da663e,0.017141108870539132
ck_6a519bdac0d94527,0.002975953556155403
ck_a0dab7aa9c4a39a9,0.01406017356937653
ck_a3ce05e9e5e32142,0.01814619712625444
ck_7a7e40ee3f97c035,0.04774482749185972
ck_9e9a830785112a73,0.024190603729890313
ck_ab1bb02f6b189304,0.21782244811454118
ck_7b8cb0f90fbdc8c6,0.009808102723362458
ck_b138fc249e659e60,0.013411473361198469
ck_e73caa3771ec5e0f,0.006687121120263886
ck_18a55b06ccccd88b,0.03293379741583974
ck_fdcb1d9265d8fec1,0.07445701839180478
ck_e21a900556b382ad,0.012624601367643644
ck_c6bf67470f526771,0.02860720215602994
ck_b568ba3837afb39a,0.00276106883070004
ck_a2858979dd5645ef,0.0066495195111596715
ck_1da9d40837ebaa57,0.034796487894113284
ck_9341c7959543c542,0.00227189519251616
ck_c8ad86806b9a2369,0.08694378171331606
ck_5c85d93ecfed4b0e,0.02240463201262406
ck_f07b09879d697b82,0.004217946480635299
ck_fe43da07608b1749,0.015025737194658079
ck_4bca22b5926b9c28,0.004246801785154595
ck_aba573aa942b1d41,0.011811884396650332
ck_57c14e32fa4683bf,0.004276771188019226
ck_891530b489ce402b,0.004415493564356372
ck_5e74fdadb93ff293,0.08747450845397439
ck_14436a409ebcc90f,0.011262552966193811
ck_00013fdfa0bd37dd,0.005727060459451586
ck_7dbe24ba01316775,0.02232362833685099
ck_0e3f80c1553c591b,0.019324109841079174
ck_3edc45db58760d76,0.021235183207028867
ck_29076a13f539187a,0.2802167553633871
ck_b1e81b58b9a545ce,0.07178307485953639
ck_3f8571d4f7420b2a,0.1909745385748331
ck_7dff6abe4bd644dd,0.5811594530312322
ck_2884bab237af16b7,0.016978120835341247
ck_231e6dd1fe708000,0.004586958386446921
ck_33ecaa7b892e73df,0.007875965961718176
ck_b109ec4c63503030,0.015996680577518248
ck_a7f522382509cef1,0.006215475125885275
ck_748b3ea941d8b3b9,0.015103566382935953
ck_29f3a1737a2d9634,0.013702224360043145
ck_cee8d42475a0f020,0.0077376204352156905
ck_c6b6ebe145a8ffab,0.044515155107636935
ck_21c99e1d6b881894,0.002999127636051041
ck_5ad798286384484e,0.08079400307198409
ck_b621b6ffcc7f4848,0.00648379643960446
ck_ea819e337233475c,0.22184423339284298
ck_9e3896c2668ce06b,0.026373792108948635
ck_501dcf1ead036d2b,0.010911261498562124
ck_8d5eda29a2cffa3c,0.010222232408144646
ck_4d3aa36ff83f1132,0.14625139143774352
ck_8e9faf94e3e6c757,0.004396495252390632
ck_ce0ec41f96951048,0.016858190370411773
ck_f09165d73ee903b1,0.00997674876928852
ck_a432b1bf1d3b3d5e,0.15070079892941352
ck_ea618f720ff0b4b0,0.011946695472358557
ck_7584e7bd755cb28a,0.019312511382084126
ck_e14681aad43e1a72,0.03493137096098716
ck_5e18870d8e30e379,0.0532910426108773
ck_ff7c26a62bda8089,0.0033903350302299687
ck_cc5a35175d381d5a,0.0061118169549178305
ck_3c25029e40aa8a84,0.006769836515890783
ck_771247b5bc16c12a,0.015269928244933862
ck_664b5e02759f985a,0.0071267554126134185
ck_692a9e8f504b9762,0.0038323428204194193
ck_df8ad2deb0a4ffed,0.010099698169088199
ck_eb48c0bcd12ea654,0.030745045346324492
ck_7c77e597c951cdad,0.024984845165371507
ck_4f75144c6f3b13ad,0.030607103512529234
ck_1bcff399166d7c43,0.011790610203095042
ck_975c2aa3d4a8c51a,0.01081790924660713
ck_bc6f07b06aaa4ce3,0.08276653950149228
ck_80b072b7f3c7e8e5,0.008886445699609582
ck_471e4018a23b4e56,0.008699009763129088
ck_53cddfba570b4a3b,0.019492542697715512
ck_630530e50764f229,0.013473028812296995
ck_dcef7887a4f1e435,0.048990431175475545
ck_2795921a055643f6,0.006655774677271019
ck_7456df89f3792235,0.003611951492582547
ck_5014a3b07e1f049f,0.2894511402818039
ck_d4ec44760cbe03f4,0.02152029064121675
ck_96810ad39d4cb7b0,0.0414610268694456
ck_3222ea25aa29bfa6,0.004282922078247262
ck_f6c42001b84a10cb,0.13372661918624373
ck_5ac86682385c86b8,0.022871323545177326
ck_4280c33af57eb4f4,0.0038141846441123403
ck_05f79ddd8eefaa56,0.012235017021259753
ck_3a57a13ce032a6fe,0.005073979194980088
ck_a721f0d635fad68a,0.008567865459441116
ck_a3f821bdf408c326,0.007097212580430683
ck_0ada63008be5685a,0.043486939092601824
ck_8c949bdc6e8720fa,0.07718694495028125
ck_c0d2c56f9c722e99,0.9016082552557285
ck_5d2b9e6e087b8dfc,0.9591804941072669
ck_5217b55593a332ca,0.08563200545781284
ck_7a7bb9be5a7e48ad,0.017492136449816866
ck_24cd0d779e866287,0.003470559883600747
ck_7367917891a63771,0.038529076219417056
ck_4b31a8862a857e6e,0.7532412009607863
ck_81429c4910ca46cd,0.015466754723329994
ck_b35d803568f82d9a,0.014281465696515967
ck_4b00e75c2d2d0522,0.0026138519370621782
ck_77fced07f6dff42b,0.018854218733894843
ck_3c9a06eb07c300e4,0.004869374447791612
ck_b3867f7f494db64c,0.005010723474473848
ck_0c45e54897ab34e2,0.043730849256455644
ck_507a6a580ab55c76,0.008756040549204392
ck_291bffc7809f896a,0.004087765590396588
ck_3753cc5b9d02e2fd,0.007042220517512242
ck_4f63d5245b3ac1dd,0.01264363993381533
ck_9dfb2ae78659240a,0.0335870384579937
ck_90f6f5ced708aa75,0.002708036581922675
ck_8b5b5a6b5539e39b,0.8040442323301942
ck_4719112b55d20161,0.03176376704972764
ck_fec888a7108ca52d,0.9822376727505651
ck_4f5d022c99f118b7,0.13734659104212082
ck_e967ff05514b697b,0.07551512578181677
ck_839ce35819bfa4fc,0.0031491320413283837
ck_bdee1221b9addff8,0.033614583824467914
ck_9cde4036d0914427,0.009405061853052765
ck_5ac959cbcc5e98f3,0.003767090806428112
ck_619842688294dabc,0.041787006124359705
ck_7373d7b04c7799bd,0.0266459599649068
ck_c1dd3feb9a0b6471,0.025887766459804434
ck_0324a4812ec319c6,0.018551907478960277
ck_7f3685aa2933b251,0.09321570878490554
ck_06aee5a62a67a84c,0.06921206878199958
ck_3428910b44b9d08f,0.027815814497649055
ck_c3ba7534cefc1de8,0.013414059843347911
ck_1f1273a67cbad5e5,0.7796530230173443
ck_124565a11b2f8bb8,0.01241049863074508
ck_38e46bc861e0165b,0.01683304175473241
ck_c8ad3f01319c065e,0.03095201306094966
ck_3f94a34f5038f7c1,0.6584774486815965
ck_cee56be5a502fbd1,0.10845560695944982
ck_2b90b76cf4d162f9,0.01584758119590996
ck_884b2e463ff1d54f,0.004330463973886543
ck_fab4f2f8531b4827,0.042396385063340127
ck_4fc6256e0e60a926,0.008256171703826705
ck_0a2f8b2f8a5b6f02,0.04485114630387027
ck_9c0deab8a8367c5e,0.0033815040904519385
ck_d3a2a4c011fa2554,0.0103841526760334
ck_4108b4038f762817,0.019801965429899576
ck_4df036e2aa7e1056,0.009647552103420939
ck_ec094eb1cbb3efc5,0.003012681401447164
ck_09f8f51bfd2492c6,0.018318604089047428
ck_b60fb9a10d6f4489,0.08919912138733074
ck_3638bc3388dbc1bc,0.43252150922873794
ck_7a58e0cc9943c39a,0.004504173830220837
ck_37dab6a0a536ed49,0.05536044898349335
ck_adc576690df5b33b,0.018497013153545527
ck_1383b2b1875000f2,0.023633470418881076
ck_43c1248db37a2eb0,0.006740643450219926
ck_29c11bd68858e923,0.0022146551989206467
ck_9401f9e11f65337d,0.2167540624790069
ck_ce5ed372b1a2ed6b,0.0314686708393543
ck_08b4619490e751a8,0.8705790365768297
ck_44b9125526acb05d,0.016593047022726203
ck_ef1a1de20d2124cb,0.024561675070384998
ck_e5e2624b7fc89774,0.027834041905276056
ck_f5100511609b92c0,0.0029381667185565774
ck_64f3bb17101b7c42,0.006370083284152071
ck_ea1e5b5128ecba2c,0.007199347718228354
ck_516163fcf04d5e77,0.029015912862216383
ck_7f9a748110d70005,0.014870509584367225
ck_d263b55f0a681cce,0.024807998640671094
ck_0e962eacf98a813e,0.008697638398178555
ck_0406931800e0e2e6,0.008315188178442548
ck_0e9b982afc88a3a9,0.9100510913766612
ck_8bbb625384edebd7,0.003860409255169009
ck_5eaeb87bf6207406,0.8060728166906335
ck_cc3318839c4b0745,0.009448416684648756
ck_08a0355d1f1890ef,0.012416680274031543
ck_af7ffd1a822460d3,0.31400587978080186
ck_2a09c7aa870edb6b,0.0043959146186625655
ck_bc04f51c23290bcc,0.010481104474675552
ck_d3a8333cb389f4c6,0.012961429650353757
ck_88e3dd3039508332,0.031050102945650568
ck_b8c7771de9b57705,0.010769419908204441
ck_585ababa02383b50,0.0053393631019632536
ck_e988c108754cee9c,0.034840849647341035
ck_4a691892d9d6cf89,0.013260662712471184
ck_7cdce37d895eefb8,0.006502201649510394
ck_483fb981a1fb4317,0.0067142903928849125
ck_c1e5182bd99e0e35,0.23455269837640647
ck_9a1e3ec9a1839939,0.014461058461149614
ck_5c3f13de0dbd5086,0.014385441884567075
ck_f4f6f0caaab70040,0.003357685464142418
ck_791be3378dd7d64c,0.015188811707483823
ck_956dd784525f5886,0.042759983914885245
ck_098167eaf124c279,0.04088196533447794
ck_33ecff7914349ebc,0.023368704090933733
ck_e05d44e46c7174e6,0.006078134265695694
ck_1b2ce474fa6582b4,0.08829264663790587
ck_ab581082e8f72e3d,0.010376876511644826
ck_e63256667aa19070,0.04785125607359642
ck_f568772b6cb3febe,0.04434271111379341
ck_dd89a282375bbab6,0.13134956228781097
ck_a39d0bca345b492d,0.009726340329688206
ck_d12d2924d0f7a64a,0.033614583824467914
ck_6a548da1728b5823,0.9522865664127247
ck_6d64193681d2a94f,0.05352887597427952
ck_ced6b6dcdc7c201a,0.02694678953353561
ck_d1b0699d26282871,0.05240781773499991
ck_58f757e40a9b8877,0.0366684389741396
ck_3272c2c4a37d5220,0.42805693630578917
ck_d94dfde9e03c9d1a,0.029935014948550824
ck_08a6d4903a7fbaca,0.01041949319681738
ck_6c72a36b05fa0f4c,0.07784041881627468
ck_dbb4bd4eda97255d,0.056369106689246835
ck_94b59bbc824b307a,0.004905950065786624
ck_0229a07185f15469,0.010832559086775016
ck_11bf1039f8b3025b,0.01047305856124122
ck_36789ca11459131e,0.09514141091856
ck_8572c5f5c1447c62,0.04366904938596483
ck_9e75c6641939f4fc,0.12701258223941955
ck_b45e47c39d4dc7bf,0.013857084937595972
ck_02903c48b6cfd65d,0.00664046861077615
ck_b153386f1729de81,0.007071510052993653
ck_36979996f33498f7,0.2752932726895982
ck_3c02d4dbbf6716b6,0.007635931055015817
ck_66c9a19963957531,0.0734361001211721
ck_bae8dae7cfd8baba,0.0037296726554209526
ck_bba0ccc6cd968680,0.043357357013366925
ck_3267fe3aac05c71e,0.005487323730107515
ck_40052cac10562cde,0.024592161639100135
ck_d973444855403e2a,0.016358990372096135
ck_012519bb095ad36b,0.974941909805123
ck_ad7c256ea10c4a00,0.26284791298400634
ck_70a60e095e9b706f,0.004098014244383218
ck_f2734417c0db4ee3,0.0076927056924779615
ck_9cb89cc3178e0172,0.005945006939445271
ck_779cc0f2de4d5488,0.10881338822321629
ck_35f8656bf93e3b3d,0.050035361169243515
ck_bdd8eba728800e29,0.014258266282572252
ck_002cf760d173f0f8,0.017897958890218734
ck_b046067c6ca3831e,0.005556607095047063
ck_a4a42d4bff8af645,0.004373961008585978
ck_bce253d2396681a1,0.010651633359029878
ck_00dafc060c8de32a,0.037417736962153565
ck_968a99e097ee78c9,0.05046937600412324
ck_66949171b387bb93,0.04082080719428654
ck_ad305286702b1958,0.005625716299886724
ck_4732da7e0d2dfc7c,0.0032735126702330823
ck_17a95bba77217d85,0.015468163157906606
ck_3e2516a3e35067e0,0.013484814532132707
ck_0b615ed566da1f58,0.021348898977552523
ck_d2b3ce1ebabe9f93,0.019035537503955317
ck_a892252e4e0c2828,0.016120815195609088
ck_cf606fd6ebfdf9bc,0.0034641864686668264
ck_718865237134ebe8,0.009014483360071617
ck_878522cb775b904c,0.07848639684039137
ck_9ed53de6ef779ae0,0.002759698621918025
ck_3f16e2cd7e6874cc,0.04508153351337007
ck_3c59df37895ead2d,0.030492218018735254
ck_6821459b626d492c,0.004785747848028171
ck_11c7667920541587,0.009028458618600311
ck_23a016cf6b98d89c,0.015569689771995023
ck_7137eeb394d200f1,0.0974108027133161
ck_9c4886c5c90ddbdc,0.0034703208234477083
ck_1422a7bf7756294d,0.6965729726958746
ck_7ebc5fa7f0d3b8f2,0.01729700282697042
ck_fcc2059a8d5c41fa,0.35995010922299436
ck_00ff7389d6a83e29,0.14903688723268776
ck_03129b41457795d2,0.026054233836727853
ck_38ba64efa7c38250,0.028213696344877325
ck_57a6b56b09bff24e,0.01096555447220296
ck_e3b3c5a80a567418,0.00271598917206922
ck_fc40a16adfced018,0.005851637563618811
ck_9d4b5e6b43bad4d8,0.008653290698880546
ck_61129937ee466b49,0.038635773741776534
ck_74112e47b8629c2a,0.19033404501295711
ck_b4703ee97f94d7fb,0.0030216944818799024
ck_e560f720a988d8a2,0.18136787078492675
ck_708fea345f68037e,0.003615521978954125
ck_25394c1b83e0b803,0.04964568454907996
ck_17ab24fe914ae44b,0.004258123855517428
ck_16c501470d9bb006,0.00365909184244703
ck_628f449e248c19b7,0.033798969469289286
ck_6d64190623dea714,0.004088098261037765
ck_504a45ee08db72b6,0.012234773293555646
ck_6cbb011e0c70bc7c,0.005648347932792286
ck_b3225a98acd04f83,0.01612413052528254
ck_aa37993f1c17cd1e,0.03258340508957737
ck_558cfe5f77a55a9d,0.009323587412157048
ck_0d0a1a021efea5b6,0.015595009578787738
ck_daf7aea023b7a8f6,0.03368664036118579
ck_d75f25184ece2b51,0.0024032402420303607
ck_466d4b5366c50b98,0.0016483414278052817
ck_88f27ab479063852,0.015692554011950348
ck_66779098e78c1760,0.006249138215782806
ck_b150fe4efb449b05,0.0060339421885134
ck_9c3aa9f23d01fa1c,0.006210775268682271
ck_6a01c375fc26705a,0.0055661400068743256
ck_002eb6552b504ea1,0.024298492894730923
ck_affa5aa0bff9bb0c,0.025578795098684465
ck_027614eeba8b1a4b,0.013922980298824973
ck_67e075c982add719,0.017082320458432897
ck_399b0d510be98bd2,0.009598291867447008
ck_e9b0bca7368555ef,0.005498226890126475
ck_59c29d9c57b4f994,0.005329709539612027
ck_37176850ed68831e,0.00829479652247252
ck_a0db4ccca08030c3,0.680252292861141
ck_aa188e5c25f7f42a,0.019041395548063646
ck_7de6997178207800,0.0022998602953993225
ck_c729d19053387be9,0.034314778049175605
ck_f2d3e3d90608596d,0.6676330608084178
ck_2db3fb565e0211ee,0.006287537888774205
ck_bed8a480e27e911e,0.019296075117021604
ck_d7ad9921a4d25926,0.039612797215379275
ck_2a59f23fc5194699,0.20898060154722675
ck_63601a58a6120d8a,0.02702967611611022
ck_efd7b9e22c6317d6,0.007455118103257443
ck_9ab42875a0f95b43,0.1815294750975304
ck_85cb5033fca7c846,0.08301416424152289
ck_5249b223000915ec,0.01339281810545985
ck_3efb0e9bf25612c7,0.006189338909246075
ck_678e74532ac19700,0.024156621447335564
ck_a980b296c95153f9,0.019079514273035468
ck_01ac687ce0d696a7,0.014417292094449835
ck_52e1418cf1aa9871,0.014356557392234902
ck_7d28da4f1dab09ee,0.04322074597660796
ck_010d0c2e6c1657fd,0.03358129492090412
ck_b524f7a2e752b9d0,0.016592415394553445
ck_cc447fcc24a0772b,0.11825474412855569
ck_2cb3c99845e572da,0.006802556260082264
ck_604c710141327a81,0.006969862769168541
ck_8d5fa65717d2e0c6,0.025762727382233955
ck_31199510b40602a1,0.011526418150165084
ck_49e253ea12f4e922,0.03652252112144945
ck_780738e0d71e7e43,0.0030119342037823525
ck_2cd21137a07fdd7d,0.005619053200756568
ck_5e021f2a3b66e256,0.01590922680619686
ck_efbc79246e32c66a,0.05105328644785084
ck_9951bd806c13c7fd,0.03106039391813548
ck_7a52674e2806d8f5,0.0905182461739306
ck_1a319e509f1efa1a,0.004304239805399714
ck_c920901b9a4ba993,0.8703559882838344
ck_b71279e807d0b3a7,0.01979472728769473
ck_47e1032f490bb018,0.01488274926420175
ck_192579ecdca7ff83,0.02125605681435408
ck_b1496c474c4a3239,0.002963619028186728
ck_5e68ea2c5e893cf0,0.08549038953821421
ck_f2ecab85d4693b4e,0.0044927631000883095
ck_89d7bfc81c3df597,0.01660600355691158
ck_7929284327667791,0.06670265832911947
ck_494ec63c5ce8e150,0.010073170141808656
ck_319b059bb2145586,0.0300811758985507
ck_ccb3767c239018c1,0.0035156627093606133
ck_a1c7adfe26e09a8c,0.03846852182142015
ck_0e13c4f73818149b,0.01715945335112723
ck_c285a51ed6214f52,0.1337314297553943
ck_916784595f028226,0.17338461061070598
ck_6cd8e0196365c474,0.02451831095361297
ck_57b657aba4daffde,0.03095201306094966
ck_562c76a3753fc7da,0.6028518704667284
ck_66cfc1ebc9a513c8,0.006146615852677631
ck_0f38d4aed68d7d24,0.021825013864500482
ck_d8ddf5e99f7859e4,0.025945802968396745
ck_41bc3efa0fca700e,0.016745273967200016
ck_40799e129fcf42c5,0.12790200461949353
ck_786f079389126e44,0.04396449710356902
ck_bb4c6b713eb0b978,0.03437598276190667
ck_4f01f7eac0efaba5,0.01976510659201823
ck_47d29c01b20cf69f,0.05202666161187968
ck_bf15a1f8d67a30d3,0.037386367443203165
ck_bfecad7586f65e4d,0.04755953522354009
ck_fc9f16df35190eb4,0.49749978782173826
ck_c09c914e416edd08,0.012949949805733827
ck_c54c5d8e4433b0f2,0.011823363287677167
ck_1694c28f44480e98,0.014300903252685791
ck_1dcaa3078dbb7571,0.002681063997126795
ck_af559f990c640e41,0.01720478328898579
ck_9b436162039a77d0,0.019676331688502077
ck_79d62ef181bd0cd8,0.01634238799476427
ck_23caafc2cd34242c,0.012730426610390455
ck_ffe2aa26f597e552,0.024921457252108765
ck_e6ffd0754ac08661,0.0028967944216199766
ck_beaacb4a783db21f,0.005016610934820296
ck_9863bff41d24ce9b,0.020043399254030744
ck_323b9cc5c49f8ea0,0.26264056082556664
ck_ab3de3d3e41c2082,0.009733598161225735
ck_35c93b2924900376,0.0076826203981727225
ck_5a9d5f9901e37e31,0.020362018962457245
ck_782b0be796164335,0.006302875644498406
ck_11960b5f1c7a5e2c,0.004878168291317863
ck_9a66cb13a9884cc2,0.013822960780603145
ck_ba666a425930615a,0.006416053691957271
ck_40140bef4db73741,0.02008310352284817
ck_e05e91cc180063d4,0.1079308155312373
ck_c7f6f45710bc050f,0.008906105521173935
ck_055fb9f2e1c8c934,0.06517305891294056
ck_58bb02d98e2b9cd5,0.04561892831616295
ck_d9f8efa6a7800f76,0.011581306961057174
ck_69691226c68fd50b,0.6265980756383122
ck_6f2f0396e5b1c538,0.9538096592031615
ck_78bc3f1d0f35ea6c,0.02231184522154066
ck_2d5a6b6636a2596b,0.011671679857645006
ck_7878545739af0a73,0.005427375276019478
ck_03c4fa4f3ed3512e,0.002766827574038363
ck_1a9e51d092d62c84,0.18095336106821164
ck_9f3861940d8d873c,0.03341157616063471
ck_4684fdd61c6a0fac,0.05033979868949472
ck_715966f86d5c913d,0.004122105576979192
ck_77f293d44b4a3d2e,0.04946131681978633
ck_24dae044dc05f849,0.047042222682931976
ck_00b9818e2064405e,0.1267235418328175
ck_c1c2cb49c3c1b0f5,0.38647555801614947
ck_bed50fc64fbbf8ec,0.006086069574119331
ck_4f6ed5ea5ab7c429,0.011938064886028518
ck_458531c22ec2f9b3,0.01152674888706051
ck_51c50c4c443df31a,0.6544683714690713
ck_732d45bd578dc39d,0.009809266748874782
ck_783fe5bc20cd02db,0.11446488123277145
ck_7f188aaa63d1d442,0.011684764394161913
ck_ef307a6aee38d1fe,0.9016126066412553
ck_e37196b20968b73c,0.015569689771995023
ck_4ef9de711c3d93b1,0.04222476727780781
ck_17946516d5df71d7,0.008087739989621031
ck_3534be0f4efd313c,0.02212466858826557
ck_29fbabf855cabdff,0.0061107344549624736
ck_191673540d8486af,0.058232161723424776
ck_5f52728d777ff2c5,0.021078728876703427
ck_a045a19369016818,0.9614417053180916
ck_4eadbe7298b15e96,0.011298931348581313
ck_a3a0bd59729fe619,0.008896303135969867
ck_a1e77090b1c6ccf4,0.01108851502431425
ck_69ab9d4784eb77bd,0.03127388316295555
ck_baa47383ffd50f04,0.028925620802329074
ck_e35b2ed08b9e55a7,0.006168885099355438
ck_b6e3af0a5119d9a0,0.09919128297669748
ck_a7c1dabf3869772f,0.08702184697690717
ck_80b8fca67a14e0be,0.4769639221412443
ck_dd9c5f0c42878e67,0.0069342679224825045
ck_41ef7967faf5ce82,0.005596203087109558
ck_a93560aa348d6225,0.05398847217747473
ck_ffe91d6f0bd93fc6,0.05139692742436794
ck_fbf630c960194033,0.008127183388398001
ck_497ed60723283c0b,0.0241100954433625
ck_2a46b7ca55239413,0.008582570709917674
ck_1a4e5ace078dd782,0.042582638978396065
ck_616cc31910f5de50,0.010385082639665297
ck_0d65bc749eb42710,0.027330089262993986
ck_2408db62e4395ccd,0.04114791583382318
ck_5d7721930106dce8,0.013912977521558479
ck_e8a6acea22b20312,0.318962483496754
ck_e2f792fae128b18e,0.20419559626594155
ck_e6d3ce445b86003f,0.002603439336514086
ck_263334d722ecbc97,0.6568949661179946
ck_8c5b29f6666d4874,0.01453105052555511
ck_7ea0bf310fc20c7b,0.6991179117389579
ck_54d463f7fd89ec3d,0.06599948878756327
ck_79e45040dbdd6447,0.0514777856561844
ck_60b4d59953505682,0.3993623535451285
ck_fb00dd5021642507,0.01838595192574877
ck_f409ff994a210601,0.07847611693537034
ck_2ca0020038bfec58,0.2624924526331312
ck_adf84b9df54c3d80,0.03875031740494637
ck_942dbf632591b65d,0.07898477786715084
ck_454a7e4d859a3409,0.00301422378701807
ck_2139062d4569aa07,0.01017012858178799
ck_e949a0f4df0b3902,0.06114573064284467
ck_bb113e3e6716ed65,0.008607618362417486
ck_6a28ea6ce69cb869,0.11439147018866919
ck_7df9910af2bba21b,0.032024327757907756
ck_78aa4b731cbfe251,0.010041285969247825
ck_5839f5cbd8165b1e,0.03407427277367473
ck_7158ad9e58769ffa,0.09894958218277622
ck_acee218cbe61df69,0.03796410590848874
ck_f8dc8473c2772729,0.270926783645281
ck_f34c93a8173555b1,0.04576589234348993
ck_7cf301d075e4e709,0.01729547122398967
ck_b87e88ee5512ea17,0.003071056529148402
ck_bed0c020b10afa3b,0.008187495633178186
ck_ca10102961f99eb4,0.006249378642607841
ck_393287947b5c8d79,0.013511046395835186
ck_2fe6cac002142f67,0.04360213882200174
ck_79c7f0d29b1db1cd,0.0770824407549563
ck_c735b643d3cbf67b,0.007465518609433184
ck_ea4332c8fe48e2a3,0.005803301333254282
ck_d39864119cdd460f,0.007468989856667877
ck_3b963d6be2773861,0.005508566745767097
ck_df39e3b8a9fd0bfd,0.5638663750258771
ck_6236a461dc0d11a3,0.007559997931733089
ck_475ebccca25e30d1,0.011327086896486255
ck_c10c8bcf5bcd516e,0.02900523230743912
ck_49ccc3716a564256,0.010512109571577697
ck_4e4f99102f6938cf,0.0207738521047164
ck_a97b481ade6f7972,0.02140630433337679
ck_3fa559c679751b3a,0.014979244346096623
ck_3eba1fd2c7acc4c0,0.3330699976624889
ck_18c179b4afc4fccc,0.013726874419227274
ck_cc1c0b93d05b7d20,0.09003272638033512
ck_742f7c28ddd019e8,0.025673762364837965
ck_04470bc93b8a0d71,0.008465627806632165
ck_6e8f8ef7a03cc6bf,0.02812841987593897
ck_eb1ddfc353b4da83,0.004091695928050606
ck_98831b57c7ca2e4f,0.004175393154221518
ck_a6c7b8d6e8596d4f,0.05573091926918931
ck_cd7d24e3b095e96e,0.07030552055588876
ck_3f5ae4673a9f858e,0.00815542938699362
ck_05f375fc8ae0afb0,0.014907336509658609
ck_1fc98436281ee39e,0.004454703982919864
ck_6c48c58678f64bae,0.0034502703587216766
ck_8c95aeec6a4c75b0,0.003476043365376178
ck_364cde38958b7af3,0.1851883448950161
ck_85bf21aa1a00452f,0.0059419404734852065
ck_796d3eaabc667c23,0.9235742446431332
ck_ac449ee0c315edde,0.006215120875468526
ck_6f9fd15ac6b163de,0.0049323911417478395
ck_4087065be2a45ad7,0.1947425879135611
ck_ecf006bbc78ee3eb,0.1346551320643859
ck_8ca808cc5a49cb5c,0.018583553176025593
ck_94b90ab8b2dfb50f,0.014655900673259064
ck_59fd11b3232de9dc,0.9011803427818653
ck_67f3794d93e2dd67,0.10912499679612782
ck_b7f5acf5df1bb13e,0.014910292664348266
ck_fb04ecbaebb774bd,0.011131752145886228
ck_68ef3e7301c621b7,0.06263409696640092
ck_41406cfa209b6bda,0.005574557288580004
ck_b0f8f5408662337b,0.032338922392047664
ck_0d2901bfe585c391,0.20461091636852535
ck_3398551e81dbf3db,0.059885735698980855
ck_61c3e3e277629646,0.01727045979405197
ck_2825e34dd3e7ea2a,0.007995467718394269
ck_20d7571ba830009d,0.01698278714200601
ck_c98b16f9a72a6568,0.002706873649548762
ck_e7c8a9e4641eb9ed,0.005355172029192563
ck_254a7c97c36dab8d,0.02020769829275838
ck_e98429675b46272b,0.014388406550033286
ck_c2fc0ac460786d02,0.0393699904813686
ck_fba15647b3a140d9,0.008054132405385142
ck_15ce50f2704227be,0.01459565507850868
ck_8c748aaa4a4554f9,0.03124956757940206
ck_e00e82a9419ff086,0.04607629219071275
ck_832341c98254bd84,0.020094460173731864
ck_27466468d06db4eb,0.03302302124432503
ck_9d7b9e3ff1f3e71e,0.016991090315372444
ck_42c6973d3a6fe983,0.007849184928422239
ck_877c85bad118bc62,0.09577610116278666
ck_75d2a2715259c4d7,0.021652612979879124
ck_37d3e5c681a2214d,0.25633324576358485
ck_bf285dd49f372de4,0.022445745661959428
ck_a5bdd026fa9c50fd,0.01556568120546626
ck_88d9244a9cf7a77e,0.47865197267540166
ck_5881b174e49b04ee,0.0030581180041776112
ck_5b16d67c5ea89930,0.018747585145684413
ck_b75b936aafac56b9,0.00936050443878145
ck_aed2681e1646a0df,0.05258669135917349
ck_f63cb5e8cc702bad,0.00661867204833996
ck_1805fcfc4a9e4ffa,0.7988719399235344
ck_25c355da356c730d,0.024443557311879863
ck_70396398e4a96449,0.0022727169248783177
ck_0f743bd13373748e,0.015491522393812211
ck_4b387765f0e916cd,0.0023266793356307445
ck_e971faae8a10a260,0.0048475291012833295
ck_9eb08369e983abfa,0.003682886227088612
ck_c30c5844512e429f,0.024393378010088004
ck_59e77e3a81f1fa0d,0.024757043851671746
ck_ca4465f2b5c1a52e,0.8820286955440297
ck_c89b9ca398402f1e,0.010216747397084626
ck_36e72ef9273e7a95,0.007986456047139464
ck_2bdd8616870e5e1c,0.003010121116514595
ck_216e87a41de22b5d,0.07682652652520594
ck_60f4fb44f5efe3a0,0.009059240950797649
ck_05652e8ace6ce6cb,0.008507317635919926
ck_8c136dc691e65695,0.003077164677137571
ck_a08f8dfadbdca112,0.0036492194268726327
ck_bda4041a3e90d860,0.008678473599890898
ck_15dd3ecaa8ce0245,0.7600728796287648
ck_3e3c64b3b7876ce6,0.0392812210605242
ck_46225858a38b2e57,0.01548434439748678
ck_0cb9f54928f4feee,0.045963479980955804
ck_152671fbf8a9a78e,0.06285857213069551
ck_ee7a515e87d17d4e,0.020492979911313814
ck_f7276091bf513d22,0.001874685489155936
ck_4f05daf1cf0d5755,0.004149745693513721
ck_83a69c4a5d55ef19,0.027639561087945436
ck_c50fed2a7c9198c0,0.017193170532410686
ck_70d19d5650ddc8f5,0.020089599064608592
ck_4b4d99e443618904,0.04481280102313819
ck_dca0b6ca93311ca2,0.05378865683905531
ck_b7431d4706461ec6,0.010075630387859118
ck_7b59d22cadef3b05,0.08657191662730611
ck_53428573abcd606f,0.02464898891629383
ck_f538ab6aecf2adfd,0.005303073973888252
ck_d321249fb065d2fa,0.11069095225181118
ck_72fdfc7e6d8e1436,0.0034233385045057555
ck_b52b99dad89ecdfb,0.02770202721311173
ck_d2d4282f9d256b3e,0.009597328581172506
ck_c8f2a1dd8a6141a4,0.00323819747296799
ck_8d38747058d0aeea,0.4002544886637247
ck_3ac528caac74f563,0.011699739838917728
ck_8dbaaa00ad829ca9,0.02177117178489867
ck_7c38ec898f0fc21d,0.008801368045420333
ck_8171ef803f5ff604,0.02167783377036256
ck_01a750db6fc1168a,0.11366906666457632
ck_ceb017baa26e98c8,0.11339108027483201
ck_e2c66c72cc0b0f78,0.06160596574381533
ck_8d9518f64b222416,0.015545230459143971
ck_804c5a1fa5753617,0.008338952143462931
ck_fca7cc9c42695453,0.007660689516534083
ck_3a632cdf2c19051b,0.007652772903731385
ck_b2b63ea65edf1dde,0.0756327871583492
ck_27b07021500ee841,0.024446990822135917
ck_9724718fe64c6557,0.9143230971365088
ck_2786cbc3e75ec034,0.3116974284742374
ck_d9c2622cb6df380b,0.013586410080893507
ck_ae1da8ee98e402a4,0.014811339856761252
ck_62967b91504149f9,0.005903719564010016
ck_6b255bf68709109a,0.01901185525477896
ck_c55afc68421d85e2,0.01050691453437539
ck_7c7266f6ef2a8466,0.05298053561886714
ck_885cf685a9541190,0.38019538923377105
ck_1a4bb7d3d2ee3227,0.01542378160421283
ck_b4911c42f3bff740,0.0019243609962773713
ck_66f9f78d4c6a3edb,0.041346385365391834
ck_49bdba9ee1899dfe,0.09469811283712157
ck_79b235d51718435d,0.019945255583361382
ck_d840db8cfe2ef6f1,0.004000927257371204
ck_610c7bcc1cd7ecb0,0.03501639310229786
ck_cf49b6544aff6c50,0.5582018636139724
ck_de05f97c3d40dd1b,0.06956027216017055
ck_0302f67d75973dce,0.013485569847106514
ck_54c2604c9ca6256b,0.017760125621986127
ck_a1c88c0568f142d0,0.05081225955432366
ck_5d72ff6cc2963d1a,0.005235853017918491
ck_0446920a1004c596,0.002401016414163698
ck_71044c29ef071570,0.005701687642807858
ck_2122e9bb1afffef7,0.0367055928643948
ck_d1e3de178601d3c2,0.034671901562627526
ck_bec8324a3587ef04,0.0023284647309350873
ck_b616b6f45225f319,0.0602643633619835
ck_ce1e695884511479,0.010226920216790341
ck_a662b4bf900781e4,0.0023104043852032684
ck_b5a84c5547378c10,0.0034161565772909677
ck_f80af368cfc6cb7e,0.015631631996924713
ck_da3526ab6c5c884a,0.01093483579834651
ck_bd20be9a3392d79b,0.008256470867937467
ck_b8266dcd90cbfa62,0.015348458595551718
ck_ac84b33304362c06,0.02135222036755163
ck_794d8935a895e33f,0.030705254144548333
ck_8fea7d915259f1be,0.00900412235996448
ck_7a1519ad5ff45312,0.003627604175156357
ck_9bf3ce30b65f75c7,0.02991384651048993
ck_5f864d72d1eead99,0.08950034497314502
ck_3c48e0cfc2a58041,0.39081282763052105
ck_d902183f80cc81fa,0.04132739736083146
ck_539cb0d117db8cd3,0.08012078128200166
ck_28f530aec8e77130,0.060263789405753256
ck_e7d903c50d353361,0.02317697105743559
ck_d288b77d1e227970,0.043758250618570194
ck_017208fcc01b5d40,0.020950701955821778
ck_7e3923d278a5106e,0.02778013790143407
ck_9700a00ff9e66216,0.056027273297472605
ck_5c36c78b7a4d138c,0.13205877526420634
ck_c457e9c9224b773d,0.020736057738897164
ck_1dfa91405d7e66bc,0.004974578507158277
ck_f1d8a2695a575e56,0.004622921857265452
ck_3b92a46daf8d00d2,0.016779601849285
ck_aab23b5470469649,0.024665295373137854
ck_ecdd01a391610d99,0.006910277872201203
ck_abd3aa292f8edb4d,0.03722164448940804
ck_7fc9a0776e1339e3,0.0031188781873293073
ck_c0389ebeb0e65cb8,0.004585574174819365
ck_48d0fc4f6a2109fa,0.969175347535762
ck_571dee4f3336c7ce,0.013241067397581468
ck_4cedf26628c84f26,0.03114921924713167
ck_63356762d24aab81,0.022605601921162777
ck_2c5bc11bb7ae5d2c,0.9533916591195513
ck_6d26a152f900fee8,0.007536969979812686
ck_c972b0e781efed3b,0.0049713138311034055
ck_fa0ecbcf9a33d6ce,0.010722401261050472
ck_fa3a766e49dc77ae,0.007788586346963686
ck_7baf1e55db0dc558,0.030143744438939444
ck_e8bc49e6494c1f37,0.0038992887521618487
ck_8ef1d05cc1e53e7e,0.01910866508428192
ck_cef2a485a77e0723,0.007803383194993269
ck_228a583f23abff48,0.011267964492815748
ck_ac32c6e374782b27,0.06634761469907047
ck_b9485218cef413f0,0.005463352964817335
ck_7f15503048915d6f,0.01637748911774298
ck_b62f5144db15ad34,0.29095036123015616
ck_917d82c552f95a23,0.01956548305426329
ck_fb4797045077bc6d,0.004396562873678297
ck_2cf8a44e041217de,0.03428379373351522
ck_b7dd681eb3d2ee38,0.005120072178200916
ck_e9e8cacd2fa35e79,0.027228997021691684
ck_342a79f91de5d1fa,0.014529009018103101
ck_2c91f62c05685ed7,0.013041432668700394
ck_e30cb64302939f38,0.0520634911062671
ck_d0e95b90ba86da10,0.011740228481914765
ck_1774faf414a5d49d,0.8197355426077514
ck_2401e8ff89e574fd,0.5624803982420118
ck_0cd8802264e0a1ef,0.036770845286119035
ck_da84a0dfe947fd3c,0.009984178508154626
ck_c8affb27ba7fb5db,0.08002361904531662
ck_bc7ece8787ca7200,0.004356881482242759
ck_469a0578d05990c2,0.013757575495508195
ck_eef67f8dea702338,0.0359689039783544
ck_4f490e379e9ded9a,0.006932132017388269
ck_354379de065a8ff8,0.007985617433226979
ck_5db1cb368bc41ac3,0.008811204619482536
ck_9b1c3742dd6fcb8b,0.0400068353485459
ck_63ce4f44c92d7143,0.025076722629091306
ck_e15e3390f5ed45f3,0.01314610172382058
ck_da645ea91d66aa6f,0.3911287851583989
ck_834ca727df855f07,0.034782748468444535
ck_e1d5ad20c737c745,0.06325906530089549
ck_ff8059ae5fa5f1ee,0.002039023113454402
ck_8bb9e75393954a1f,0.0030407063098514967
ck_4e1757d1347ab387,0.9445884171621681
ck_af3f74b1d75a5d95,0.015638848383276678
ck_6b1ab0742ff04c3e,0.030512958999021192
ck_f56073911c9f1ab7,0.006593903157189941
ck_51bd5f69b4fe0b92,0.4444827066248321
ck_fc3d95030b81f416,0.0033293534769569893
ck_cf78169633a1600f,0.0028433452300842556
ck_ad7269eaa65c67f9,0.017263012611167517
ck_cc6d33890d47a6cf,0.019959638232463342
ck_bc8f31f4a2ffa1ae,0.004104050369563273
ck_720776a46e56dfa8,0.012452318063143258
ck_e2d1f212f259539b,0.010304256983591043
ck_eaf6f7082c3db2bf,0.05296898440676358
ck_773efe58c6278c3c,0.02467906863005693
ck_c4a72c09f2fdacc4,0.014406908440567573
ck_8982888dd6611143,0.004367997511292675
ck_9d5049e195eda029,0.017762014923265255
ck_de58ef6f9fe2b546,0.006151291171977838
ck_c0b50c11e4f5adf7,0.034272238352524464
ck_ddaf228487858bb8,0.0642800583025288
ck_eb2323215ff70362,0.04477595548225156
ck_168c96a1a636ea15,0.03918746949576011
ck_9c46711b14d9eebc,0.002538368981641457
ck_de8af660806b97b5,0.002496303014736614
ck_6ab83f45bf16eaa6,0.006104703068681784
ck_bf2228a052815840,0.005272639617850381
ck_3f943f20a9da9bff,0.01451085503175429
ck_3baae40454c00938,0.011006896062441127
ck_bc2e771a1d8d2dee,0.12033651571286103
ck_e55f5ca37f30ce8c,0.015752714780744255
ck_4ad5937bef176d89,0.0027752823631718234
ck_126531a9126c17c4,0.005096459685406722
ck_7ec423cb56257516,0.028425919310181725
ck_54748ae0f2daaf10,0.026142841193387823
ck_ff24776280ceeeed,0.014142702390921653
ck_3c3a1a1365741bba,0.002581826072943063
ck_615277c8a4e2b18b,0.00655655864054689
ck_a96aaef34173aee6,0.05644547384868254
ck_bea56db7f3e930e8,0.0026028635565913225
ck_ca491debd3b32a59,0.019779613294396765
ck_d9ea77f4114a389c,0.007814898836607942
ck_322ffda3332d08a2,0.030630299694540078
ck_c40ffefe4e30b001,0.020730760693538935
ck_3b1d7648d4580bef,0.008700428434198444
ck_23981a3261674131,0.010411865329331737
ck_11667f5b9fac7bc7,0.003576985879540295
ck_646bb3c7be5f0817,0.05177280448275386
ck_ebd0a45712dcf07a,0.023276942011693478
ck_baf43bf1bd963f9f,0.14537928135356346
ck_e0ca2c819658f6b6,0.9681776311278888
ck_f0d6633d0834fff5,0.05439505220974697
ck_91081be0254878a5,0.011053084095407789
ck_1325000bc7f35b5e,0.0022203222516128033
ck_c624b9063400fa3a,0.16133295795956387
ck_0ad6fa0e23c3bd0a,0.23521541918383262
ck_6ddb55b1f23c6cb1,0.024187902035030295
ck_dce1fb3acd65562f,0.006271513360857501
ck_a9aa389688ee5aea,0.01407736628322101
ck_5c5284c45d9ad8bf,0.02868514739314436
ck_9ce743dd3e92549c,0.018343806662021223
ck_8342e08cc2f9bcb7,0.017903184703170788
ck_25e551a0a8d2fcc2,0.052985770229642216
ck_d4fd0e438c97e0c7,0.1007722714194238
ck_ac7fe1c344190c50,0.005617891892980275
ck_ddd65711b5651f89,0.003546557638421381
ck_ec7406cb5cbc8f10,0.010159912564662706
ck_1c65e8d5be3b9c60,0.38370687352918853
ck_38ee42f15a573e81,0.06271177302543703
ck_0e5385c70c6de025,0.010230344325088984
ck_d3137f0f7629040b,0.010587629801348057
ck_9129c92c12e0c8b4,0.005711241226004656
ck_c86520a00e50a926,0.060675093510550046
ck_87f82b2b5fee757a,0.02832038222435051
ck_643abfbd7548d0c9,0.03625851535078506
ck_be51f4e5e6b85768,0.08663834530372837
ck_132c16312f37810f,0.003934121803636505
ck_c78c096ca8cb33ac,0.0035280184063004737
ck_2ce5afbc014763b8,0.01694012305195802
ck_50ed8f4e7ae6710f,0.01845681666964705
ck_5a4eb535c9a11993,0.010433239345200884
ck_9b665ef46d785324,0.008758221592049078
ck_e066f71f8b296b7a,0.0070187839740021175
ck_560bc6017870ab06,0.005073282318372061
ck_fd78f8a8663646d7,0.01169934742542531
ck_4af5ec61ddbde1a4,0.033079612778489524
ck_c2ed04a9d218410b,0.01723311668364756
ck_2455d43bbdd2bb69,0.016858828078670316
ck_56eed7041add49a1,0.23327455225169447
ck_5f0be7b468a72333,0.02212466858826557
ck_19660cec756632ca,0.008557653636200008
ck_fb90408f4892a21f,0.017491582944635955
ck_833a65b86a5d9bda,0.016841259156835323
ck_2ac36e1dff211d38,0.04482786073070198
ck_c00e70606904539a,0.008747404465046866
ck_ba8affe4b9505a95,0.4814997061332175
ck_0c3dd22587b08018,0.019979849240857644
ck_618c4e5cfae99dcd,0.16717939814009503
ck_c9690baddfc4177e,0.00302575078437312
ck_59fae092fb0c4aa3,0.00890193064089915
ck_e03b7d0fa0b28f4b,0.004907402518808212
ck_d451d24c780b5884,0.012609831164245383
ck_e980d325b8dbb8dd,0.004602503094874434
ck_cff18e2d8c520272,0.006549545734617686
ck_a0e46b67e986ab56,0.012736251671308495
ck_3a469039a5b9d963,0.011051787101758786
ck_12cbb211ebd2b437,0.08473171144059079
ck_b8cdd6d6dccc4554,0.005601079255862678
ck_794ba5921cef50c9,0.02954302471130075
ck_2c7667f64edec2b5,0.004303110536399013
ck_7262b4e0c29c942d,0.012350987765104062
ck_5d818522cbfe2a54,0.041652546966659994
ck_de39c1947fb675ee,0.0551917533717705
ck_c021495606b4735e,0.01150500706797297
ck_1fc03ba33edd9e67,0.02335073966267423
ck_a6fe344bbf67f14b,0.01184010265436495
ck_963762210edc5694,0.035026416748403184
ck_d064428b7e7dc409,0.007626357818004714
ck_59be61b53d971611,0.01211316198948161
ck_ec8738ec663cd2eb,0.011826176755031366
ck_59d086fab5998646,0.022585763682013576
ck_bd32dd3b2cbb7888,0.9379210498208218
ck_ce0166addb93bbad,0.00389495715384879
ck_7c0fdfbb447cdc04,0.01271890831732251
ck_cb1bd7635968ed8c,0.07864990888570025
ck_66f94903177f20eb,0.006862622756877151
ck_1d7cd5dcbcdafd7b,0.6895073197056991
ck_5e418a7c04437b4a,0.013598108170167374
ck_631ea1ae91ab333e,0.030727256692929847
ck_0a8029e79a5ae7ce,0.04756591070944664
ck_c4cca8278bdad9b9,0.0022015279097822357
ck_4dec3df58077a257,0.2956283463745956
ck_609c249edd88c565,0.012185544995789077
ck_02e5f9cbbbf2f078,0.025841673660934476
ck_32e486859130458f,0.45295403296445647
ck_21ed2ea6386c5a07,0.003186301813825627
ck_1242aa4496576a99,0.00896279393095408
ck_475ea9aa6d3898b7,0.13609816681906303
ck_fe1b1adae3be70a6,0.6948348895276129
ck_c5414d7a8031d4f5,0.003983107737850844
ck_ca1f6f01868e978f,0.02795053337240778
ck_5eff0208c74ec714,0.012287546298550382
ck_a315c9619a317609,0.03281601216296219
ck_2b87683c90acb852,0.021874709973710105
ck_7cd9f39c50748ed0,0.014734632245119932
ck_16a06d58d71935bc,0.07189302931814684
ck_d116e0e7c19b878e,0.6288113165746907
ck_931510e384b1d0cb,0.0396742702151327
ck_e7651fb87bb24132,0.004129590070396598
ck_88ef9f85948e1a01,0.008342241356057087
ck_17bf38d51115a8f3,0.009133567922814384
ck_2659d1d3762a2825,0.020461686856445883
ck_a7285955e2852686,0.01455366365851162
ck_f2c33d5b65b321db,0.032893531440363596
ck_83e5979334345622,0.04833997995238608
ck_629537d8b4d0f395,0.019323799188493536
ck_72022008a92c9386,0.03309883996165133
ck_2973b8274f0bf69b,0.057563278739244786
ck_565e3418d2f4061c,0.011855950417643401
ck_54bb53b8f8ea32ae,0.9350207110079031
ck_af0a6540ea7a36b2,0.016900652110276578
ck_888651bfc2c8cf70,0.008369369705285352
ck_1dedcb48ac381a1c,0.07567812550799682
ck_f73273e220296be8,0.018490180301578247
ck_8424bf65223a5a9e,0.004467505347725663
ck_337b930fd149a696,0.015055125898824783
ck_8a4952de8a123ef8,0.0139641822741283
ck_884168153c9c0c81,0.00301288934693494
ck_fdda581aec411010,0.0062647062953531995
ck_2b7cadbc8b180d32,0.7723581376718447
ck_8aa8b9968233a1ab,0.005261470470904514
ck_0af18b3ce015d294,0.007636701255949734
ck_8dde670a735d1e90,0.3428466277115782
ck_62f46226f244139f,0.11104322433241984
ck_f948e8a8fdd79b4e,0.010423576484301495
ck_fa00aa0f3e859904,0.05176932059617784
ck_fc7935f784a4f249,0.006154534835290509
ck_e7501307c0698e5b,0.03109686039569599
ck_549ed417f2834cee,0.02285174174926681
ck_fb2a35571ec719d4,0.07763432439526338
ck_25822068c86c856f,0.0022685259369731275
ck_8f35d229b62c8f23,0.009193256442929804
ck_bdcf049c1e7d0c95,0.011326129807447134
ck_0aa9db36eb16422a,0.003195262819612702
ck_42dcf92e9e016922,0.02562473345777699
ck_42341cf31c08c981,0.006667324686943279
ck_0b20bfc515ba42a2,0.027124869852241367
ck_0ec820b670d48098,0.0017103197001940044
ck_1f0bafec397da8e4,0.02051584361095061
ck_82f07504ab59ed33,0.08531308251129929
ck_337b24a474010abb,0.965422906430282
ck_703703bda38fdcf8,0.02683524867147378
ck_01e7960c63dca3a4,0.9173049572039498
ck_be5bd81e3715cb8f,0.7109749296099848
ck_197f8058cea1fbea,0.0034730327813381422
ck_eb3fb1106f2f1b21,0.0462131315604354
ck_658b4b54be09a4bc,0.971356086536173
ck_266ce7ccf41ccc50,0.058356754125608284
ck_110608c3b03d4038,0.4609704137953998
ck_1be8cb95d6d9bbf8,0.003340020848397262
ck_8e16a64a776afa82,0.0815266289842792
ck_34bd190d37eda534,0.028972889335104474
ck_4f521611ae14ae66,0.004410086965086082
ck_d839798f9520363e,0.10920134165774627
ck_d1bbfd246c0ac9d5,0.021487756444164396
ck_f19030e6e85a6776,0.07619680761021322
ck_cdabe60ab59f9d5a,0.028602279943285576
ck_bb84b2b30293f566,0.40576759399365003
ck_427b91925952cb40,0.027688225046021333
ck_1078b1e155b5b640,0.0146255379998439
ck_95fdc264eac72fa0,0.0034255654356267987
ck_e35eb857c61548b2,0.28153963350007893
ck_69bd0b1abea7e1f0,0.41979963183132785
ck_59de511b20c842ba,0.05501677497505222
ck_168e7ea341a36b80,0.003158528976841996
ck_4937cfa6526ea138,0.05722516544515364
ck_bb1a981306b750ac,0.15298136684872338
ck_f42a43e4c3f34ccd,0.005950025179404675
ck_c7ae1d4b3ab38185,0.004941004255448248
ck_bd23cf9bba1dd33f,0.05631823489408257
ck_0fd826fad7ec7cd6,0.03104478509541271
ck_f143641bf3dd0414,0.04418001109478166
ck_ad6d48c20a3688a7,0.006753498609486074
ck_7bda5b5b927b2905,0.06548213007759682
ck_a337eb38eefdcc88,0.11901267574914878
ck_403da2a2d800df9f,0.2454646292689256
ck_aa01d5aafde73d0a,0.0037626717127758405
ck_494954023f0eb309,0.10103383570421245
ck_1c6820fc38135ad9,0.019733233205325294
ck_0e0bab173622db9b,0.15759941369799815
ck_547090bf35a3b243,0.00746160431012473
ck_d69455220b21dc9b,0.008927910810371113
ck_90b4ac695b9c6bf7,0.003699568796143098
ck_8d2afe17c0082e6a,0.024512878897372203
ck_926b81c0ba528eee,0.03450469292227365
ck_ce36b0c287bd198e,0.021516843440175716
ck_8026e017909aaa6c,0.010178441036535963
ck_dfba788f35d4c372,0.009993213591839127
ck_f09f9d0e0886e0c6,0.006167496714551326
ck_4ffe0366df388604,0.0695405995948771
ck_75bb521de55644c7,0.018301739120486746
ck_81a960fddf79ecf1,0.9170349987393617
ck_8f43459991ea511f,0.006692039465725672
ck_f878b68d66fbfd4b,0.00393526156812169
ck_e84abfc0c747c9dd,0.8575442649936339
ck_3ad3fd3cceb56b66,0.9378991575586283
ck_7cf562578c7f158a,0.004901476478942269
ck_f81a97d350397306,0.05086178077387992
ck_255d87b7fb40caa5,0.015980325043465228
ck_b3905153b9eee924,0.03179531608165682
ck_2c80a592fb4cd6a3,0.0028185989093534227
ck_57deb202d4188a29,0.009146829485242399
ck_e3cb5f31d8e94448,0.9371001227810132
ck_0db62d5f7f75f80f,0.024182434933428056
ck_ced9163ea85589ea,0.04863081222818935
ck_e16528edc694fb33,0.9226273172504356
ck_78cc5ec4940fec3b,0.01086042649681225
ck_31742076e9a998f8,0.04503720415810359
ck_5ac335f02280271e,0.02559182005168982
ck_7cc2e091806cfa5b,0.045438830201009445
ck_3152c7115257f084,0.026782883326849947
ck_ab1b9d019921bca7,0.013590173699500835
ck_c33a762d98f9b290,0.007566958639431922
ck_b16a7c51b6f7a6b1,0.03185790817614803
ck_97402a153348e68f,0.021979717474705188
ck_95391029a21caa24,0.026810079158163264
ck_c2015a1200971fe9,0.017072274995641092
ck_ed4427962c68918c,0.8570036627680047
ck_c5e4a17d3efb19a4,0.22282307065686538
ck_8aec3d3dd51517c2,0.0031439527739811402
ck_f5178a658225d8e4,0.005724183294981012
ck_8594f165e95316d2,0.0039118422924798646
ck_f0c4aac04076a6dc,0.018712082149484964
ck_ac2f7397801036ef,0.04740516857835233
ck_d1ea4bcc407c7d5e,0.009609230322932694
ck_cce8b6657a538fe0,0.02272253359074827
ck_66d0c6d6b67a8d58,0.00870477956001279
ck_1a6b30320835e57e,0.011387528364664902
ck_8cd274cc85aa35d1,0.026744473791153574
ck_ada46085a78280e4,0.010674699714161583
ck_ce1b06623e4a815e,0.003016137377820848
ck_45e70c8a9686580c,0.04106389743952126
ck_0084d8ab6b1044f3,0.004192596612613534
ck_a5f7b6fed6df2aba,0.13128264237899578
ck_94940d783e7988e6,0.011086364114173894
ck_00f9ca84d1d8ae7a,0.00686209441428783
ck_0deb56f3f6452818,0.00644181524823061
ck_a58e900469dfc3f0,0.014768939068766947
ck_028c41b195280980,0.017862321349830082
ck_7661d7ceaeb19f97,0.05179082817307183
ck_6957905a65c47879,0.03341268485641162
ck_f7c6c26ef3c4ae06,0.03489485021903626
ck_8777beb11aabd66d,0.023537843507849005
ck_7db098a17374bbf8,0.9547590039314464
ck_66aeb00e44486cda,0.08796992421114279
ck_838c52cc1d315ec3,0.02265341492372612
ck_1745847cd4e5dc83,0.01568993996333369
ck_201687857ec8b3cc,0.03766357951849095
ck_81818169208a8cda,0.04051776827637121
ck_3303fd3f64632c7c,0.21167409554072567
ck_edf1096809e83ef8,0.005259892274416398
ck_235ce9603c7dccbf,0.0744957702072831
ck_9df7e153868bca13,0.014934265661852592
ck_3cfeade2cf270fee,0.025980183032453995
ck_982b0bf2e2b6c4f7,0.009997983499047118
ck_faeb0da678bb86c0,0.006160324351385446
ck_e86ad2fe815b6ed9,0.01515196897038249
ck_70d69e5d1bb99e85,0.018544007586207233
ck_7e9a8924eab779e6,0.828953735075952
ck_019d5891103e7da3,0.009646502750186546
ck_14f0484b3817eda5,0.01855873800326999
ck_85de63d278f0fbae,0.005675940593652018
ck_ae91b4cff57fb3bf,0.012461494066849852
ck_2a6d43b9f883b78e,0.7467402228080136
ck_7a4e3d553e8ab5b7,0.1772684213913628
ck_fdf89dc69f700f84,0.1125061058289283
ck_f92e04024bf13558,0.0023682035698805943
ck_4a522ca2dc4831a0,0.0033715303276925877
ck_68ba25dc3385fea1,0.021591865548323246
ck_22128a4f0d033422,0.02720166660396397
ck_5b52ee0a13c71590,0.012784765453603146
ck_59472d17debedafc,0.0634077748156052
ck_9dde2c63acda3ba3,0.005911410944089681
ck_7510b1023cd08531,0.006395658860674528
ck_071ddaaf2e4e3671,0.011197255005243002
ck_1355db6f4010232a,0.008203158367072066
ck_0a7adc2f27f98510,0.039514429147180216
ck_68250033717cd59e,0.029739099521658895
ck_7c12de74de30b788,0.4304559571900368
ck_65491367584c730c,0.026493791375018852
ck_e9047964952bee70,0.05259128947598658
ck_5567779d6ba184eb,0.019951359186932086
ck_d6ea026357ec6477,0.0063637806493793934
ck_cd7dcc884e283746,0.05912582960515744
ck_0bd77fea8ed75a15,0.017251097562378567
ck_e80883208e8d0453,0.03178450255989778
ck_2ad0ecbacd5acf8e,0.8827455687804244
ck_6c1dbee7e8fdd5c8,0.019794716494167603
ck_ee4d9a7449515908,0.0062291500091208735
ck_636111f7f030496c,0.0027756025346345864
ck_2c629c657f73941f,0.01683971195720197
ck_c1c9d3842d758420,0.046487871772563444
ck_e4df7faacdfe8c40,0.040145299358254734
ck_94e8142728e44380,0.032582488454667526
ck_765aaf42c5088545,0.014041482039883344
ck_e0f845159b6e6a4a,0.04413408157537213
ck_5bc07deb82edbad7,0.005930950775320185
ck_713159c5c6a7a4d0,0.9583011899908468
ck_b08afc91d9ca55db,0.015468163157906606
ck_a7bc323ffed2ea97,0.6006226903613319
ck_85ca825f905a34a1,0.02246726580990901
ck_33160c443d4b3f19,0.01753005535052118
ck_832d39c590a3ca75,0.9123668931874768
ck_7d1661a34164406e,0.6841373047546272
ck_c2466fc40fc9d5ed,0.9184405538706165
ck_ed0e776c0926ce67,0.04077528163922031
ck_cdd2ebeec75bfa69,0.05491499408809379
ck_d7877684c7923ec3,0.005818814291401017
ck_7384d4d2406aabf4,0.014836254260966887
ck_b8e5244e650aa81b,0.018298373572120108
ck_25a1ea40b2d59254,0.005998983523981363
ck_b9e5b318ee4de68d,0.010641957652571863
ck_620d7ae27af83cea,0.008347547649035435
ck_40b4e264d1a12b83,0.45214875026239876
ck_b694c803b62862b3,0.016636594361462736
ck_cbeca201dbade3e5,0.03425321211860421
ck_f9b439c9161c3e52,0.006055559361726104
ck_9880410fcd10a28e,0.0036572685069506733
ck_74928f5f91aa12b2,0.1588434773198812
ck_b6673bbe61d2680d,0.020361258467732044
ck_53c8315b5c30acb4,0.015178456868152529
ck_78f01d78ea79642f,0.008361425602497863
ck_8582490d6e365a63,0.02402026149279164
ck_af25c72d16299258,0.013418903438262115
ck_7905fe8e257b0449,0.21530332036717478
ck_0d16d9349e4a9e08,0.021315301348885443
ck_31b16b8848584e98,0.03807070478126723
ck_67207e3eecc02d76,0.019258335090576506
ck_e6b95ff91116a592,0.009080561441265726
ck_c08f622bcd6de6e7,0.050362675452933346
ck_f9a68da9e0f0bc85,0.010075040544924883
ck_4072b59388976896,0.011247883132143824
ck_8ec86e853ad52828,0.07284759229970983
ck_4fecb87eaffd5cb5,0.007295506407420018
ck_d6880578428b965e,0.2732602923814755
ck_bfc82b3c1c9f2897,0.759862078278608
ck_c340644176ca03e7,0.07426664970860818
ck_321e740066fb05c3,0.6055054911199793
ck_8929d2eb09872052,0.1488653034165141
ck_205c107cec528414,0.3262193651096852
ck_e76db7d2562f9836,0.016000292760505446
ck_9ede51c8434cff6e,0.01861741761021084
ck_492e4b89c61b7b6c,0.026185322117407893
ck_9385f5a1eeebefcd,0.026803688447358996
ck_ee52c7bf88f952ab,0.00989148318150825
ck_d8116c34302021d7,0.0021469158251430026
ck_01645ea51972e99a,0.02762612387492359
ck_7b45ed23304a854b,0.016476548405310203
ck_2096d32f3d497ea1,0.29231605602223215
ck_dfbb2056f1ef7d3b,0.017409153067308985
ck_938ce30c864bc7df,0.004589410772223333
ck_ff30dda2c881a4bd,0.5334475132357552
ck_f88c79186a082beb,0.033477612077377636
ck_08c7bb0f9851cb76,0.24074535148943016
ck_2675e7a008e584a7,0.12077714332803785
ck_cbaf8a954281d4e3,0.8360603503829337
ck_8b24eadf6c72b30c,0.7249613348773554
ck_ffc8e3c1377d0706,0.004542855536061468
ck_5b59e859bed5b40e,0.011867245444085184
ck_7b61717f172f9317,0.8111716858155312
ck_e5c30947b732f661,0.05684575056996641
ck_bc273f3ce79f7e1a,0.009957937973657774
ck_f69e93388b3028cb,0.2804080524247533
ck_3837ad850996ba60,0.01073369082571686
ck_36d78ff3bc033ee5,0.01271747191568173
ck_5e20953547ba4135,0.15166863182546586
ck_258d661e450ac870,0.02420339314736578
ck_1df66f537496ca59,0.0959291945528153
ck_361f535599110201,0.02045967344834818
ck_337e98c69f6e7886,0.010647207791537027
ck_d3d5b2717cfc3913,0.019559341556032284
ck_b1dba768dbe7affe,0.04215782900926827
ck_92d782bd9ce0d1e3,0.030951599094318494
ck_26bd0f8898afc8ba,0.006298205178766421
ck_7916e53daab36745,0.25239584492870143
ck_2caf553b31831a50,0.02642052916416343
ck_c6200734c7f9b2f9,0.9257245049725387
ck_cdc55623cb16e6a9,0.0162176657722231
ck_57849e15b61c43b4,0.007950436147207076
ck_b7af9b2ee0eebbc6,0.04678770989985974
ck_00aa5fc3b3bc66aa,0.11115211456555107
ck_9929723f65636c7f,0.9081657521067203
ck_8f6cce9f69912983,0.009880419037661963
ck_c422ba389ff00781,0.003433628628962796
ck_9ec7f334604a228f,0.0919150446695199
ck_5d01200ba3341462,0.030622732436954563
ck_2bf10be403849c9a,0.010282091672203723
ck_6ca018259f70858f,0.010737560782773652
ck_a54dc042ebb7c766,0.037440417305771176
ck_79da63fc100830b5,0.1168574537643572
ck_67ab6f9e05c85085,0.016932196453949746
ck_fa80da579ea9afc0,0.005340719417411686
ck_4339f86c87289222,0.6796513261651526
ck_a2299b4f530be0d6,0.538404939258596
ck_19db0bf788697c2b,0.01942849764961587
ck_fa4211c4d826d830,0.004224206089058488
ck_96100d5e8e051e91,0.002956551085804549
ck_5c3a671883d58b3f,0.001666660219144767
ck_2d9524787cfe1ab3,0.2599237135037851
ck_47ab8e51e5b3a2d8,0.004079260501422192
ck_c924f36bc1bbbaa3,0.014150361899592354
ck_5c58e7f8fd55e26c,0.005216831726212201
ck_a07e7409d6d5aa06,0.02552693788513268
ck_c8413898f5f7cb7d,0.020243992329592463
ck_577c816b41cab002,0.6079984453362837
ck_9f7807ed64cdb728,0.11497679821554102
ck_495d814d6d6d521e,0.0026449558298012243
ck_7aa8bc018c2b003b,0.00585601732969424
ck_7c3a6a82f3c3241d,0.010220723231037801
ck_487f7fbc290e4ae2,0.006852584358307453
ck_e556c4d36aadbe03,0.002138393110453724
ck_7e6569a1b2455cb0,0.0025992983202773813
ck_de2924955926d046,0.06943489984412393
ck_73d60b4630e3937a,0.006711623549862794
ck_805ee564bd35ef15,0.0546934315807316
ck_0d40961e47797027,0.007847437445496354
ck_f06d00a4f9c87d80,0.008127604488099743
ck_5ef50fb07b6737d5,0.020293148587169442
ck_16541fc15683e21c,0.014912838492857551
ck_09fd43f1b7e2eca2,0.00441007288734144
ck_2a2c336a69b8d68d,0.03243725102379651
ck_2685f38930866af0,0.04895334892967091
ck_298278a9da874437,0.0051428678003649685
ck_00bd7803f2530c68,0.02478075274779784
ck_c2b4a1d8c0b6c1cd,0.004778587814957729
ck_2acb54ca20c3af6c,0.024332740636095678
ck_e3d4b6f681c783ab,0.02807687222060482
ck_f90293f1eba5d7b6,0.08348306553123253
ck_e69d27e8965df0be,0.004234031495725233
ck_b7f5d10b427346ad,0.011104029519697535
ck_1ce20e4223a936b1,0.0142995260049928
ck_6b97d1ab90f6bdeb,0.11956034523915413
ck_e30e17db5473c7b2,0.004737920120285246
ck_154c8efb19dee665,0.006916064461145663
ck_6f5bb0c930644cae,0.9734412836527147
ck_9e17699baa83d173,0.003586656930075125
ck_9693b1eb70880205,0.011053269569910621
ck_1e97899875bb427b,0.016956606493021945
ck_558a82590f65df69,0.005311148014874047
ck_18df83242ff3cdbb,0.025811130431640326
ck_80ad4396e1084c68,0.09761358166764306
ck_0a993bc947bab61f,0.01909684884826247
ck_5c2d43ff841632f9,0.01579154434837689
ck_6e4b99fb9725d9fa,0.02042735689455053
ck_e0983999ca26c19e,0.10048449648359901
ck_6573c4947cc8607e,0.054090099783486334
ck_d879d645d6e44207,0.007496634561891274
ck_1375ad9f10688e4a,0.007018704260770543
ck_7501ebbf4e21f160,0.01008501773423809
ck_ca60d61cd4dc3bea,0.007278193319660238
ck_ab9ea095a5c58b4b,0.02478838052394603
ck_23756522b58df5d8,0.005056118195321934
ck_90bc176c43d85fd5,0.22366257845603954
ck_908b663b2dda94ad,0.022816884260750913
ck_4df2fb8e4b649e27,0.004900662397786541
ck_5615c6bbdef05291,0.18203932157139757
ck_b62f3e3185251f71,0.0035509935349599393
ck_38d1a22850178f33,0.005012842713877366
ck_5b3ba20c8bb1383b,0.01097538555148931
ck_5576ffc6aaf6f22c,0.0015511242704317407
ck_cf7a022178165e56,0.007952095201918162
ck_f2c7a4c50e2ede96,0.023430816992222415
ck_285719c77eadf915,0.002509803579291832
ck_f2aa1b677619ab19,0.01606805157487626
ck_3830c58d841e9e69,0.31701232813651536
ck_32eba3510c8eac5e,0.006969707994464026
ck_8955d7b9030d5eb5,0.009589820082330535
ck_6775e387dace7525,0.06655314561485859
ck_0a0cd7f4be606a93,0.022714336998502768
ck_a9f700eee5d638df,0.007721360524641723
ck_3d7db96995745472,0.060129414306959846
ck_aeed557007d52e9c,0.003066567022174121
ck_79b6a86830156b5a,0.010797659918007707
ck_6a1ff9d69466181c,0.9330145711471796
ck_f11b1565f986f5e3,0.023315235815082776
ck_4819327a78615485,0.0036799446818620595
ck_3ed9e081959b2f5c,0.017840492038308876
ck_16af4be191c47d3d,0.0019766974825449393
ck_25122cc0e8b1a662,0.04881941455406747
ck_509c22828d467ba3,0.0749949222983637
ck_31109c899336348d,0.005810257997837338
ck_c51131e53baa59c7,0.0037860020220332547
ck_cf8ecabbc61d3e11,0.006593976491049196
ck_eb6baff0f85ba936,0.026176872046343225
ck_777669e2243204f2,0.8769107490848451
ck_ac0ea27e692acdc9,0.019826848191701423
ck_4c6ea04ce8ca9e2c,0.012818930303310263
ck_ca54b32fca7e94cd,0.005047209226968949
ck_4dfd8947f540eb24,0.012102374136435886
ck_95aff1fe27fb24bb,0.035997523681131446
ck_c7550723b90e5615,0.005887802185524716
ck_57b3fee69bdf85e8,0.004583744215065058
ck_f823407ace7ff064,0.07923004491855519
ck_a69084a068bcc8aa,0.12102093517466786
ck_c7b17f7b24bef5d7,0.03459649000777219
ck_7c4e588f927c27c8,0.02978242917330253
ck_77fdac602d0c6f95,0.11908352708784593
ck_e963d8525018d072,0.018217713508471928
ck_6e8ebaea8f7bffaf,0.0034422594684373883
ck_aa42976a31cb7770,0.015355559245786852
ck_22c862a496008c96,0.9547159829137141
ck_527550dd15f38782,0.04016696827827152
ck_b3ab3c210e2c7c19,0.01765451573729248
ck_ed9c56fdb9f45ddc,0.4890871008966666
ck_b53281da70defcfa,0.011937763838494847
ck_03009b721568ee98,0.04046653750365725
ck_3d9afd862b3f4053,0.6895655823044063
ck_ad3c4be96599554a,0.01363737575133852
ck_d1c787c27d50af49,0.031354299407917514
ck_c7a9c7b2eef46a99,0.00544543031107488
ck_53036d3c6c74446c,0.27131773496341727
ck_1b1efbd9c0964c8d,0.01900569604685769
ck_d66f42a269d5c1ed,0.027598503151821916
ck_fefc49a2b8ad993e,0.04081985743487592
ck_8b3b874249adece9,0.07509272112269837
ck_193d9c87ad3f1dad,0.004072919507481272
ck_0c6a50d747593b7b,0.02722248696159355
ck_c830f3830875b47a,0.024731826188758854
ck_79e202f06d8dfe42,0.025433503938761853
ck_5c0fe988b8aa7fcb,0.17911443329811166
ck_a8382d8345f21e1e,0.008346545213435697
ck_8cb20053914692d0,0.05470220013796593
ck_1da2f69023ca4c13,0.008724304219389821
ck_38abb60995114f8f,0.03031486665085247
ck_f5791fd8fd8fd191,0.021269040233211262
ck_a4e6fc391b674335,0.6189556582962115
ck_bd771efb4a7e15d0,0.01649767754095324
ck_38ba4a6b6a292054,0.05167086873610756
ck_f7a07283345a0dce,0.012769467092670385
ck_87dc484baaf5a23a,0.0035295967674016347
ck_c84ef83489badbfd,0.04125090685155085
ck_a397cd64ec5d644b,0.006526297295953782
ck_7977135c2ff61e92,0.009838165441310874
ck_52174855b243a8b0,0.13710662881017713
ck_0f35e930d0614613,0.9363735868574048
ck_b170a7db522a0d6f,0.01259546540441695
ck_7af748a23775bd54,0.10402145619136037
ck_52f641c9ee6fda70,0.0029229581855529604
ck_c3719a30414bbb4d,0.020260931850246532
ck_2baf214ad6bc0dbf,0.08717864184378309
ck_8b39d8aacfdd72b4,0.01270471011911804
ck_d39b0152116203be,0.014621980956849329
ck_ed33f8a937f9c7c8,0.016400906926130204
ck_8ef97b55a5fd6ec9,0.002734860941721833
ck_8247f008a14bd1a2,0.004842354783234
ck_f0d349d68249d5db,0.0026330236420896067
ck_a544e766540861fc,0.007620473839080701
ck_9dfaca4c7c80b10d,0.13565290638635832
ck_7e5401c362b2216a,0.005155462441966248
ck_64ff60c073fdb6db,0.030843138686727462
ck_fc5ea49518e5d637,0.006207805743113013
ck_580f136ced341298,0.00414442019552229
ck_9cbef9bc95449dca,0.01138163943677475
ck_e475a3b8ba870a7e,0.007718811450714496
ck_97e94708bcf43563,0.01502677915276294
ck_13f03ec785cbdae1,0.0033738324136886725
ck_152820d8817f478c,0.010415364249916499
ck_d20d4ba60eec9945,0.012086876194759628
ck_5c45968a805132e0,0.023902908643259287
ck_bebea2cf3063fb24,0.020139508416308845
ck_c3c69aefe7ea1d2f,0.052633372357378035
ck_02028b72f26fe855,0.04208279797518254
ck_dfadff70a58a9133,0.004938422837310779
ck_6482ed4491bedcaf,0.00457255607000028
ck_754cd7b4a5ae3f94,0.028540044868797174
ck_3132857aec8485bc,0.0029514612850490046
ck_7ce4ca91b8f9f1c1,0.025205903094067058
ck_41938582f4351772,0.004375067679609246
ck_f87d66946252476c,0.14568544531631597
ck_8053f1879a9b4e43,0.0027539766210009213
ck_93892e91387f5103,0.0230937024836988
ck_15254db133b28371,0.01856627621272301
ck_d557b9feb241b3ec,0.0029700793118466653
ck_71c3a8e4c12c989f,0.008147812778563262
ck_80e3041811033443,0.035950934875855836
ck_3380d60067b4634b,0.005277498031020227
ck_a9c2cdc758df8510,0.08956222430063153
ck_3c0031d7514da17b,0.029485998257767713
ck_18d214b1418be39d,0.005827682446216545
ck_7ce768407fd48321,0.012358322632121607
ck_7a50abd42298133b,0.011778361367529416
ck_2db10f987d137582,0.036401776418741844
ck_e077d004cd1d80ae,0.0168580460776761
ck_1cb6dc67f9a321b5,0.11902643459600779
ck_b864f64101149c35,0.1378318909347015
ck_9bedf54df9418e4a,0.011972700672590307
ck_c47e32c47f0e6578,0.17194994907437092
ck_71f382d5e338daa3,0.004281712569312557
ck_14b4bf7be6ac2b61,0.035685039448739415
ck_5c87eea1cc07cc92,0.12105451999744302
ck_5f445182829ef342,0.021896850757077594
ck_a5d7311291caaa54,0.009763173012184226
ck_b7df99aecef385e6,0.053736436379114454
ck_3327a0582407068b,0.012682614501117639
ck_08dba09fd7dab896,0.025560586701140996
ck_f4ec334be5266378,0.010015598786352145
ck_240f7f894c5a86e7,0.005608997924657628
ck_a9d994554fc14a02,0.003398202298997675
ck_13648cbd306eee6d,0.006424084797345678
ck_601edf9105b3c321,0.9599650995193657
ck_9527adac182abe57,0.38454763815906834
ck_4e0e80f5cc271bf7,0.004148809097434635
ck_96a89e720176b389,0.04121932254354683
ck_63560eec94b76d2f,0.015466754723329994
ck_c9c99e5b19aeced8,0.005151899786270066
ck_bc32655ee5ed643e,0.027612121233324204
ck_edccb5a93b741744,0.015016151071157514
ck_f786cbc987b70930,0.003065589237786283
ck_0e8f26536ccc8947,0.017481337284992432
ck_b87ef4b98cfcec4c,0.033394404487156505
ck_1a9235812de4b2c1,0.009256856174717864
ck_d1ed88ea4211ba4d,0.0029282845545070455
ck_a4ddac49657a4450,0.007949321778427955
ck_d9ffca35188e49d8,0.02006623524822117
ck_3db73bbe03c3d240,0.005778722350582444
ck_fffa0622344a36ab,0.004043526544359999
ck_148c28df51bba5e9,0.9193309532928176
ck_076cbc25c8f15fc3,0.9758141484675557
ck_e5ca550b39ed45bf,0.1900570798305237
ck_8dacf3a2061ca17d,0.09405997013887467
ck_2d7394afd61643d0,0.01155817682297305
ck_e42206e91f6a1752,0.007606928003651032
ck_2f4f94827984c426,0.002196202600797437
ck_edfe8e90e8f4366e,0.009218558749773105
ck_646b15f753e5e9c6,0.06068255634753311
ck_66600620149c8799,0.009546286239498651
ck_4ff6fc70bccfba96,0.6034954311831165
ck_41af3729590c2484,0.018796784164994366
ck_920a48ba8c583e96,0.01597994911829924
ck_0253b3e7be021306,0.0065400865784092915
ck_2ae6949246ea2648,0.017863356071561573
ck_db23a5100f338d72,0.011111792728924054
ck_fcb2a559474c3493,0.03140630638907188
ck_0a4d7acd2a53cbbd,0.007511883333885896
ck_c5d62b2b7a6f3bac,0.9187529928695228
ck_cf59f4fc0ea690b2,0.014263239136852197
ck_837be8126bb19250,0.004208590739892529
ck_58955542edee1adc,0.02886191828360421
ck_1b93381d8eea58d1,0.014276122377656688
ck_97b8e05d62abdc14,0.026308168902192442
ck_71a0d645744302a3,0.010280815530647061
ck_a7b57882ab66b111,0.0053466373534029
ck_65f76421be648549,0.03590048477186377
ck_b53ea8713d32ca7c,0.014104531236444022
ck_991c4c924a1d85ff,0.48341624538115724
ck_8432ccec1a4ec7fd,0.8490587760706235
ck_64c1633297f43788,0.01156621392373459
ck_4291fd9c1161d8e1,0.03550592622885694
ck_5e98ed6391d9f429,0.03218076754471495
ck_c7baebe4549fdbb4,0.027661030599190804
ck_6e67225ba59fa5ae,0.06715840168975669
ck_719602def4d35fe0,0.054349639074827705
ck_bdee7c86f5ebe81f,0.06025929058633169
ck_8de38f8c7f91961f,0.038497305592631724
ck_b0b5bf9254700402,0.0044826729043034065
ck_7b55d9bb1a250d4f,0.0803146466767839
ck_3954b7b0fd1d6614,0.004268656723257899
ck_f29471fe7c818d6a,0.005598403530139964
ck_9e65a8a2f587691a,0.008486415556588314
ck_eaec5f1a83b66eb0,0.10565484058725906
ck_004fe0daecbe2c1a,0.004166584629829032
ck_d17653a4a2d4a79e,0.015523449894733048
ck_0dd417fcbf19e424,0.013788255255466158
ck_4c99a6eadea143e2,0.07272235553420232
ck_74d602c907ee9119,0.002711739144296843
ck_1aa87cb62acc0ac6,0.005590628286809514
ck_094974d75e29fb2f,0.10690677165871751
ck_5ef935ac3d4d3332,0.03405678674230131
ck_b26e4ae47c9107ed,0.09214213751339118
ck_396cea6f95186ad2,0.01640028442926398
ck_48446a9e8184c7d4,0.0027827520114921405
ck_31e1ede23247d56b,0.2223213296871514
ck_7afefa349b960a3e,0.022151094323872723
ck_f5e02a3432571b20,0.08952032994928114
ck_64eefec062592c43,0.005557789284819473
ck_a1201284122c141f,0.022291798365958914
ck_1b34c420a4c85a95,0.016410330868705213
ck_d637a011332ba67a,0.01422679029776663
ck_99c0004d8b7079f8,0.006603765482480721
ck_948517bad569b40f,0.12688378518077212
ck_a28d6b1601b472a6,0.01568966383895872
ck_a0b4209feb31f5c0,0.9634387673870048
ck_d6d2c1f6dfc455b6,0.13427760619589754
ck_3f9e6d356d3dd3cf,0.004991146545261304
ck_d08e00c842b75176,0.04108766809574419
ck_bfdd232a7c5f2660,0.0158197374210047
ck_2cdad03ed069438c,0.027392351441863298
ck_42317c3eabd0a285,0.16585947585114783
ck_3eb73e56751c704d,0.036038178374743456
ck_ef33c04f4c9e3758,0.028283140153240936
ck_1dc23dc870f1773d,0.032988949933132165
ck_76091f357974a152,0.011731073041507119
ck_4d9eb75e8eee90fd,0.13717868356564145
ck_578f67e69e5d2cfd,0.004396331190048441
ck_3a8ce1cc724229b8,0.0017846713275389966
ck_a96887f841e80fc1,0.020691702088066338
ck_d2d4a8f4a9f2c33f,0.007311961813849947
ck_11f85bc705dbe036,0.023932858523941388
ck_7429b3f87528e335,0.016866413338064497
ck_26df74feac7ec51d,0.013164669836966974
ck_c78b2638fadd91ab,0.037184593205053615
ck_7eaad325abe3b50c,0.00317562312280158
ck_fd44e34af620e606,0.02007469857055855
ck_f99738dff854e25f,0.00408100194663378
ck_1ffbce3a239bb264,0.009247929704536645
ck_96c7d52ba0a766ef,0.06693378235043515
ck_cb1c00c300af3f9e,0.008798864982829162
ck_ec3d12848ced99f2,0.03223631556420192
ck_26cfd7c3c6c7bf69,0.045753191999291745
ck_7ae86b5a885affc3,0.07155405510524548
ck_3edaa94d28cd48ea,0.004190482944820324
ck_3209c530c9812e39,0.007759452721140442
ck_ea62ebfc1f04b49a,0.019893542636597632
ck_5fc90b4668ea81bf,0.01739297284067582
ck_95654593cdebd141,0.003788873788292149
ck_958c0bd61820147f,0.04642219096920589
ck_8440ef1386c07194,0.0072726479229117055
ck_8cd1b68dd74b1375,0.20171609310629257
ck_c9eb4df91ff07f2c,0.1585480203815045
ck_c29489366c01fe65,0.8798106293232683
ck_c965fd6bec0f0ecd,0.07408334994844082
ck_84c402b23766e1f2,0.021328969601446073
ck_181f3dae03b87136,0.061193332540736604
ck_022a8ae79eb28cf6,0.9331454187562577
ck_469c17407d17b706,0.016314154641515203
ck_1fcc5843f39148a9,0.005730702713798847
ck_5debd55f361b2ddf,0.005250225113658675
ck_28cb9b03e89263f1,0.00454988624982625
ck_f067470743d3c7a2,0.08440725993191572
ck_d5d225ce41a1a762,0.0334776169020178
ck_15b4840922195ffd,0.007872194398771994
ck_6bcfa37c717f19f1,0.05488257885829534
ck_8d501a0386c66be8,0.2935773662686252
ck_1a9d6190c57ea7e2,0.31612999747793225
ck_c49832eabdac5bb7,0.01182566129316577
ck_b4331140b2e0d4aa,0.006528804771998142
ck_5efbea1befdefe1b,0.5253735564156425
ck_72ff52c4824072ce,0.02154430540398212
ck_ec3715add8bbb6e9,0.002997882288521156
ck_9822f8ed05335741,0.013436603181240564
ck_c3d7d3d12a1981a3,0.01250099638534409
ck_a115a7919ac5875a,0.04504911415728467
ck_4dd4ed23e0b927b7,0.335427387299973
ck_4c76efcc1ee6762d,0.03024500116426629
ck_3ad6e7bf452c9b21,0.04462011744103214
ck_dcbab304b55a42c7,0.012974627896864547
ck_24b53090faf722cf,0.009888886837437674
ck_187317383400491d,0.006674905840908732
ck_e07fd57565c94c28,0.04855756190197515
ck_740e760fdcd27835,0.005408021678677651
ck_d3796aebda1cfed5,0.8048678299592704
ck_e541967c681cb929,0.019722647413940256
ck_431118050b834dcb,0.00270909064459113
ck_90f3655f0c8a0074,0.002346010977778957
ck_13cd943777651aac,0.038600312898252734
ck_66accecabf3901c0,0.042566087070380385
ck_937f0da2306b2eb9,0.017828047311937826
ck_105b0c93573fd5b7,0.07120241151606808
ck_00480407160e0743,0.006265127193301217
ck_e032068be7b77d15,0.031792429367998976
ck_991b7dfd69098320,0.0028185766644656944
ck_37d47cf0f34574a2,0.002655189253785242
ck_011551a596544f5d,0.005635783406592806
ck_9acd98f4fe2d474e,0.13834095064791457
ck_7c88d3d377bb61bb,0.12058921722166949
ck_e2374c7136c964fd,0.040534272570029575
ck_2fa8f2577116e9ca,0.0538704654524487
ck_d07c5b0321c685ea,0.267092780500615
ck_bc736114a31088a7,0.015939264561539514
ck_32bb42f9bff197f8,0.029040490451289352
ck_66267bbad1f1415f,0.814041092913141
ck_19988702ccd79201,0.0239390306570344
ck_f473a03fbcdbc4b0,0.007439696138231894
ck_e3f1d85fa5d49396,0.03200978579071086
ck_c4402ea6291df271,0.02424079788066307
ck_243bd5ca8c4ae5d0,0.007859685038231774
ck_f271e855925e8d6b,0.2693445565850921
ck_e424148c6f2223df,0.003510852853802875
ck_e4d0a9e1102a58b5,0.007681195051496804
ck_91c2a5fe69b9b1d1,0.020992537028364334
ck_5fd8924732fe403e,0.10339741896149808
ck_9a881d5433126ada,0.011983690396715875
ck_73cab88b29c7845d,0.016100141978026297
ck_5b5dea6476d4e182,0.01818072674395594
ck_ccccb17d2ca6ce94,0.06879832531973208
ck_cd1dc68e441222b1,0.8693048440124919
ck_8312c49b1431a406,0.01701326269698612
ck_25fea39897f2a559,0.013261531920538291
ck_f56200205280bddf,0.06401358495742646
ck_7336611650dcc088,0.006334680826150162
ck_590716322ff147ae,0.06867526744700304
ck_c82364d87875a1a1,0.013369027797298356
ck_fa4b60387d744fc5,0.005970544796668196
ck_d841eba8906e9a15,0.014068802121840225
ck_d6df562a79b9d0d9,0.014922814945547999
ck_59a14d2564193101,0.007318273733745739
ck_8530158e3d7f59e7,0.03095201306094966
ck_ac68d707006c12a8,0.007712468781515277
ck_976fac1bb3dd8c58,0.010086612144884896
ck_f854fba8f4adae3d,0.044594038889053084
ck_b98e9c3ec6e7d1e7,0.010195542931903898
ck_803c0b4cf9d4bc1d,0.07667531390917154
ck_76997a33c3ea5107,0.0038596816228880395
ck_f1a9d832b700bda1,0.9234647617637262
ck_2bd96ddb8c323d63,0.967032940608939
ck_9e5b7acf51b1b743,0.03459874071550616
ck_09169f22194fd6aa,0.03443138885481999
ck_6d69e092f9b0848b,0.01339242056084561
ck_9f83fa5a2d3b9049,0.025744901195582776
ck_57bbb19eecb4b87c,0.006048261529092485
ck_e0e9cfabb979f428,0.009456588367982112
ck_b1ff9edc51d42f97,0.005462842968030278
ck_4682fad271d47eb0,0.8966119478778438
ck_ab33fb754c818ae3,0.03115897342641032
ck_b456f62b80e21557,0.004051890080058379
ck_16340be3f2a7fffd,0.005477247989234199
ck_ce66831f6611014c,0.017219728084553597
ck_4610a073bb54d1b1,0.027143308858805483
ck_fd038a7d33a9d6e5,0.007962868237061374
ck_c8198cb4c461304f,0.02789983120871387
ck_1e7de58822000dea,0.007146755954167915
ck_b2a79dd3df560f14,0.05316337914959711
ck_74a06f347b32347f,0.017643650499470896
ck_c6fdb2972417c9bd,0.03242922712067092
ck_d7607a213b800bfb,0.050523684325184226
ck_df65967b8b40319c,0.0047932238572187145
ck_329a73dbd585ee09,0.007174481625032281
ck_74991a9e85c3b07d,0.019054615235267983
ck_bb76609b79e0bc9f,0.008452467891907667
ck_f7fc1bd0b9ab1fa4,0.0483355400018653
ck_d111c98b36bdb791,0.005253893897797147
ck_f07e27d125497b66,0.02702044430835177
ck_093e3a7134e11d6b,0.010536912440770652
ck_862c7953bdea48b0,0.015629193092202266
ck_392cf2cdd515c34d,0.016035684267705116
ck_80eb91b0b4001084,0.04172537078962173
ck_5923f53b77193a58,0.2176699525941775
ck_8049f5fce32be185,0.6573383855130477
ck_ebc5a2c6cf88e252,0.09731639253645759
ck_9ea5872f14cce338,0.0205485516173279
ck_f7fbc95ebf584379,0.015466754723329994
ck_bafe82c870356706,0.9393704516542577
ck_278b36c5932d9bff,0.0074853142403110366
ck_6a892dd5d05c1649,0.012198818167114286
ck_0734fd90b2cabd43,0.009564655515907997
ck_9b552204498b6762,0.018816815313359846
ck_f6c909c205767956,0.029793550784117464
ck_32f590e87bc3d715,0.002241379567514019
ck_66a8325f28be7562,0.004701039181580007
ck_b129261da9c3c3c9,0.00682594446033828
ck_a524071c51ddde20,0.02945888547192467
ck_ba576d6d4cb6130b,0.209373907575777
ck_8d8226520722af78,0.03502753785847022
ck_c5b0f0d4f1655a20,0.03346551217637893
ck_61814ae9b6d8eab1,0.012071345889237783
ck_382ebf136f7fa337,0.36291834946547763
ck_423ff4ede6a9f066,0.011900101540737713
ck_546ad962d04b7de4,0.9363640230960916
ck_9473ea4a01c95f9a,0.12968854027204818
ck_9eb1da8cd35a50ce,0.004653884771808231
ck_de5eaa2cdbcb67ff,0.11716073336449243
ck_537cc97d0398c922,0.1891570350744974
ck_998475a2e4dfad4e,0.0038104395364344738
ck_e62eb708d2688fae,0.01727251979732021
ck_ea623358f704daa7,0.10983316898212142
ck_b911a09f328dfd4b,0.009089564713335182
ck_4b3506b624e5193c,0.024210325375135823
ck_448456f96788713b,0.05269276459898618
ck_5d5ef9e75f65d076,0.02233420808498901
ck_3b74512f774a6e5a,0.005346445178276007
ck_a032e8ac1507c6df,0.41764688095165503
ck_7e2d6b22a0ae20c2,0.0503387087901328
ck_d80283209c963f11,0.013200028540958511
ck_d1157eade2ac3975,0.029111662817234717
ck_be48f583f79427f7,0.014794081696521954
ck_0027b5d4107d65d8,0.06356278498139248
ck_94fff69584dd3b2a,0.01674213606045116
ck_75fcda73f0b43557,0.012070378330835883
ck_a1c78972e4ee4082,0.031014834477117708
ck_f0982bbdbd122f91,0.0053971768924332055
ck_3199b471575aeb3a,0.022380709014085686
ck_7fa947a0b1c1cf74,0.08639789240602647
ck_a60c618b7f0e4252,0.03693664791601262
ck_722ac47c8ac9b6c3,0.0676573620941608
ck_d44dc3839a195c8a,0.10307654658420226
ck_a2c3e82fab520483,0.036335949794832935
ck_6f8ae0319c07cafe,0.004405001090340662
ck_49886ff1e2c759d6,0.03182564287404876
ck_150a1108f936e6b0,0.006449138856430313
ck_e21f9f96f597695b,0.01426459192985052
ck_7297bff2b7fdcbc8,0.002079484203443693
ck_ee949c71f4f702eb,0.9725388517362077
ck_6fc37dea4b4f35c6,0.09995394139644892
ck_e76257caa98dc25d,0.8985573706997398
ck_828eef2334e17b3a,0.028534571085915065
ck_604e1b8a8c693aa7,0.006605330873298579
ck_7743c9fe037d1f9e,0.04629775203904975
ck_864a11202e19e812,0.12333287976684415
ck_4ec040b9e3785e4a,0.0041536907393867
ck_7346e4f820d9c00a,0.9323798139109193
ck_48d4d63beb26b623,0.010195960949404831
ck_c423aa6de3ed1e01,0.010817150106787648
ck_d74b2ead8aaa3f73,0.03729700191694707
ck_1dd69a11daa7bf1a,0.031749933107261756
ck_d9143e236eef177f,0.011763373836364594
ck_f790d91e5ff0eccd,0.12507656585508775
ck_69b5620e00ef5dec,0.003780511803606109
ck_cd32e58e8a1c0e85,0.030245177257639505
ck_064013b0957d87a5,0.9599358418262729
ck_a481385c2e60dc4a,0.008299729314365371
ck_d72035cb29db3aa4,0.008857346275851993
ck_3759939a0205306d,0.016947608349259815
ck_f437a53fc832ec95,0.6723807723090276
ck_260ef2f3e6434819,0.05147170335687424
ck_35e411b05d22f663,0.044053081884634165
ck_8bf46e472f3e20de,0.10875866740847692
ck_d546994fc5d3e9d1,0.014822125293995665
ck_6ff0fc7487e737e7,0.6425184155917575
ck_5c67f27816ae0b6f,0.02954059406345384
ck_c5517923458106ae,0.01000688018250217
ck_d9735647a6b0b0a7,0.6883833863333562
ck_541a734fc457246f,0.06479325319635414
ck_2f6a639468f41043,0.006214579128030181
ck_bea2cf7a6b7bb900,0.014350524161110283
ck_7eebd0e6ad6c070e,0.017904476612369456
ck_b64c87d5e3b10e6a,0.8822387987402204
ck_9dd7daacb7833233,0.037359005903679667
ck_396e9ea9a6c6d7d9,0.018961108194081852
ck_1645e6cc53fa99ff,0.0377725434910854
ck_ea2a83ccb8d57490,0.0045036402532960965
ck_e64f0df63e1be595,0.06272204908484702
ck_fa0b234481cb57d3,0.03378417893367962
ck_63379e3c9fe6f711,0.03304465860045298
ck_c67f7944896a0310,0.04451073320011498
ck_c10e54c9db29e6ef,0.9519231476870704
ck_7184ad7709ae4c80,0.014232124117570272
ck_f8b6069d7577fde6,0.004218334223087873
ck_18444be153bac1ca,0.8607360997870502
ck_d0982b4e0e118e4d,0.010378537751971534
ck_6faf3e6820398866,0.007982438066479625
ck_97e980463aca4644,0.0061002223731471995
ck_630c835243c66b19,0.9614767649060207
ck_fe429ba3e1aa0e4f,0.015726418876226313
ck_1058129ed7b48c59,0.036763080655347766
ck_04a1a46f07885296,0.049287443298216334
ck_f01e94331067edf6,0.013190970130578454
ck_77b2fb17c29f5e72,0.025248813365597988
ck_4f0c5857da45fb28,0.11055302136843356
ck_2cfb9a7775e8a5bc,0.9319318690076708
ck_6846100e43659bf3,0.004916377117594386
ck_f89719a854fe11d7,0.040189055626805616
ck_bf47375e41ca3bc0,0.0032281003755615
ck_2770b0400a7bef08,0.22578779613336347
ck_2a09d142de1c77ff,0.035956709201263225
ck_857a1f5547b9ad68,0.028857281735138386
ck_185f15b1523bbcf4,0.006844651259626189
ck_ab2aed614ec1cdf8,0.03924850722417336
ck_a9e7f3b2d5dfd97b,0.03199486612495325
ck_0eeb3d9b3e697edb,0.02353024922339843
ck_fa5830d81bc8ddc1,0.010962380237835958
ck_231ae0329ebc3220,0.006635746902955399
ck_1587763dd54688c9,0.008412891500337352
ck_9f85fea4490c00cf,0.028969899271844513
ck_a2d709e7eb91e4af,0.04091362274201691
ck_43637d28c7216453,0.0033135274314120416
ck_f3ab5dd853d38252,0.091303330002319
ck_4a1f0172d3bf4fd3,0.014506037803806342
ck_517620ca16505af0,0.008865334236427082
ck_9ae904fbef56065c,0.006932915141486761
ck_d5ef1f6e34bb35b8,0.028539170968478297
ck_ff42557857ae3aeb,0.004333500103407467
ck_ad9a18f58589faa7,0.0031805042894783
ck_df1a6edaa3e6b271,0.011525274910434275
ck_99021fe7225b5a68,0.04463014369256331
ck_99e52c3c2530b69e,0.9514192723835528
ck_3a4811dc4a1a891d,0.006975047041376322
ck_ba3a6be026c87079,0.012184578850204618
ck_da6d1e5cf6aba6fd,0.00988415627403708
ck_ddc7c1f3d45fe6e6,0.0455416651483419
ck_e1b1e7a7e4a15b3e,0.007935232186144477
ck_8288f7f226e08b89,0.0059223896716355355
ck_c4524993ec31dbe5,0.012740262735970233
ck_8b19bb5b23b6741c,0.04791671271797485
ck_d21b38231a8a9f4a,0.16251697329770848
ck_3f730318a9792292,0.027469257355821813
ck_a4db6e94a8f77f9d,0.12391648095805109
ck_a8cac8d480306839,0.002901601292277783
ck_5472214011fbc2a7,0.008531656353537406
ck_7356f47dbbbe7904,0.008666745443243027
ck_16801e628e883d78,0.009011136428305469
ck_0dc1e536231c4860,0.013336502064319184
ck_7cd0634a6e60af83,0.010157569683812607
ck_ef6f8e048ae1bd4b,0.010292695918105202
ck_82f3f744209888ac,0.022966469725645478
ck_f33188c232a03526,0.3509084215713672
ck_4a59f4e10bf45d7f,0.0013836204096722194
ck_d96c893721385e4e,0.004088211474746947
ck_f65ab819373edb37,0.010885081529919051
ck_21cac21fc10b7768,0.00675416560617209
ck_139b54e6ccbdd7da,0.18322490721712378
ck_d6f5c8741697abb3,0.020392222196173784
ck_a28d9bb5590d458f,0.05372856560792513
ck_ed26d906883bea0a,0.006737028242198189
ck_227602ad072b838b,0.0027345857910542224
ck_39d5f6c17c745ab1,0.005543171107349662
ck_744eade757ba69b5,0.03476459495684653
ck_c1295d97cdf35ec2,0.028628145699952715
ck_69105f881da3c821,0.02082399001343212
ck_933789b55361d7c1,0.6722944989332353
ck_b667952253503174,0.004511956830877604
ck_7bf668e25abeeb05,0.01148588313700994
ck_91742711dfdffd56,0.0674374830767671
ck_af32a0660090dd68,0.03498452344413213
ck_2122f201e65f76ee,0.042933307577012296
ck_f48acb73a5d6af07,0.03337765258648245
ck_337c5684510cf432,0.01856668001972151
ck_f7bde7265053364d,0.016970364144711578
ck_c190c7b924edba75,0.048986053741039905
ck_044fa3b3a003f0b5,0.023273152448165666
ck_87eb43e3b9d96169,0.051268657737525626
ck_2d3d6c9364362017,0.004210042773945119
ck_ac55dc6cbcdf8228,0.013910023664479625
ck_61d7b0568ec5d6cf,0.028750282018182926
ck_89c74feeaffa7d09,0.004171003163429387
ck_93776b0c113f41f0,0.04406923551663154
ck_15e0b679931f7a8d,0.022100312787376165
ck_77b56c49cfdb1d81,0.1268926169146802
ck_73188a826b5f499f,0.013806280288917278
ck_4f463ef25325ddfa,0.35143611303899797
ck_863db2e394dc47d1,0.9411785510028534
ck_d52432ed597f3cc9,0.0059601725192120715
ck_04fb61e5739642f8,0.13365079926397866
ck_2e481d75d110c06d,0.07118356447630157
ck_3fa1a523d77cd619,0.03567157057802153
ck_466dc6274fecd708,0.01390858678890112
ck_e1790b3aa2241b10,0.7023619605086764
ck_84ad096a46e1a960,0.034082540119206355
ck_3be72c9c178fa00d,0.015489705485480072
ck_5a17c89219d1d9fe,0.03326088311469155
ck_4f639f4ee6ce8d9e,0.1011596597279814
ck_f4ec4a935e51b4db,0.029366394681775113
ck_f04040a830f92bac,0.011322637605799232
ck_3e4d02a04be2aaf8,0.05948648290631559
ck_4d1baef193cfb900,0.030810809077422608
ck_0fb3153d37626b75,0.0026355905578121534
ck_88ec57a11b11f702,0.8234912524308583
ck_dca9dc465f759db4,0.005440643845842639
ck_64f5fba6af67e024,0.029698740943642995
ck_896096cb167254ef,0.019863140189714214
ck_7878679065876b98,0.04842508539743186
ck_fe8e5a6c880ceb4e,0.01753583865448064
ck_a5e036327d3d1862,0.0015337571780746565
ck_310f73940fc4cf4f,0.06338922570286633
ck_46a8db16ad00b749,0.052932339664061294
ck_0d33977c3de8cfaf,0.9433866378725031
ck_c6fff412f531db0f,0.0023290917331434944
ck_bac6dadf428eaea9,0.032726294908093305
ck_1b96d9af0d7da2d5,0.0069615021405748335
ck_fa8a4a9e77799fcc,0.0036679289080092606
ck_0bf48607a874b4d1,0.006800469437880705
ck_eeb75f8a6439f65e,0.015509310733837345
ck_a209a5f7d172125e,0.010562588948218881
ck_8f346b72fb40bf14,0.013319573942230302
ck_bccbf9fef367f00f,0.04063293412482806
ck_2d1548f1ee405cc9,0.008289643360885762
ck_e8298ff2dc1e9d50,0.010600989181804714
ck_77c0fb524edb4a94,0.005092736608062287
ck_28ac4c5134cb8e77,0.03116390048276448
ck_db23a0e3e54be60c,0.5731492348941275
ck_a059d00cee5cee99,0.010244343796782615
ck_3e9e3bba8bd363af,0.006881500749640188
ck_0428728df24cdab4,0.011346338505284456
ck_88cd35378075c84f,0.00389407883374921
ck_0174d76398d9dc0f,0.015408819922188195
ck_3f1287e6c27de0dc,0.014602647887869295
ck_ff822700f3605e06,0.9350618899486515
ck_4563227b2038ae07,0.14200439360386818
ck_788e78065526ee19,0.12557656505286646
ck_8a16eb584093b12f,0.004290007975863083
ck_cc276f71ab6c08fd,0.031400597609300536
ck_d61d97b21002f3e9,0.17415168081725096
ck_4b2e87d86a5e415c,0.04568497625917645
ck_3e6f35e4500d2f2a,0.004062816904680551
ck_3acdb083e0d8ad61,0.005414804277064831
ck_cd655202db489010,0.005015277946668529
ck_829cbf5ccda481ae,0.006976572484205923
ck_f5882e6f98b8b4cd,0.004413011173382563
ck_767947540b234add,0.023353747249553622
ck_a6e8e8f535b1f1d1,0.1339312673927103
ck_58412a2674fea506,0.028241523534488264
ck_fae7e518a585fa61,0.02573270901550026
ck_9c60ae6958d68dbd,0.19416128465454038
ck_328696b8f5e54ec6,0.07951209522234441
ck_7df3f8f4f1068d62,0.0037359013753589083
ck_cfadd21458230ef7,0.01701090802636119
ck_7048bedd554c703b,0.00475740984364598
ck_50422466f145bfd7,0.0030540059815525105
ck_61e1f7168cd9ff25,0.08383368873276555
ck_733aff0f56f5b3c9,0.02231738948356297
ck_e14892e424180549,0.005464825538179472
ck_03f6664a96de7d0f,0.02887966352411836
ck_b7f4baa2cc82fe61,0.004550050320658294
ck_1e51199a075ca0fa,0.009125607116198945
ck_0e70516fa07cfb17,0.9143352050953947
ck_0f37c554a5057801,0.5266988689908435
ck_5576b725de38d106,0.008645956031001061
ck_82f360df1e9f4eb8,0.08131506548922876
ck_395f3bd4aacd7ca6,0.015112447087445326
ck_5e8e857b63966609,0.22806809534805603
ck_93470896f0804b6b,0.7302789480398456
ck_3be854e42e76569a,0.008916570833667186
ck_0567302c57a2417e,0.12346449249796301
ck_ee535461b5f05539,0.1498347791968464
ck_94a096c36162a153,0.007882201734637414
ck_dfc8f5c141fd7c63,0.030039649735461405
ck_98b34f2d704c1c2a,0.026775390719841866
ck_96dff7a09d45f116,0.03566674649464778
ck_79557434c129ba52,0.01798278619542709
ck_4596624a7c01d501,0.00935133313684052
ck_04e89fbd739243fa,0.003989904462064951
ck_6149ffaf18872dc8,0.006087186824579507
ck_cd78f0832a09bd8f,0.5059005649619344
ck_7e29c10d781c3b41,0.025805203751613073
ck_1f7ee7b23fc6f2f4,0.005863485469395619
ck_c49b685d2b3ab89a,0.03219373007386888
ck_84569a8fc50e73ac,0.01516275757878272
ck_b92b11d205af91eb,0.0032106697926999185
ck_06280e6d6d2485b0,0.00710330232700977
ck_3c08546dd0c92863,0.016461943252405672
ck_99d3983f907828bf,0.008739674928544437
ck_eccfd552aa652d3c,0.017759703365333373
ck_0cff8153881875ba,0.008962917560613218
ck_c1aebbeca6ab5ff9,0.005020082591639261
ck_538fdbbb3c2bcbbb,0.056663973318467134
ck_8c0210322733c718,0.010713968658565295
ck_0b0c93039f987abc,0.026350260718088908
ck_6d07d6d1bd227d37,0.15804963672238093
ck_9b6ee35e8cd0b11c,0.008018429450715934
ck_d838491d3d4f5ecf,0.005649266736544051
ck_0593ae243a9ebee9,0.027081486155269025
ck_ef261fc09be8eb0b,0.006769875829507897
ck_d0935b571a4a3868,0.01527180100278871
ck_97d04a67a104af39,0.09493068647352008
ck_e25f70d0b7229420,0.027447218110408816
ck_9b71274ff83de482,0.9711838580417037
ck_6de2aa2bb60978d3,0.05035727504743513
ck_eda55c8fb47593d7,0.010277424832934359
ck_924e572517515f19,0.2176813078990938
ck_d6f27eacbad310f4,0.007153688542775144
ck_8550f229b5eb03ab,0.004250268200894698
ck_e3e95546a84d0ed8,0.06275429189370238
ck_3135c019696ee6af,0.9629583362385657
ck_41ba315d8fccb559,0.027087207806431462
ck_72b86e4485da2d0f,0.9685588783472521
ck_daaa995f3c2f0e47,0.04230176986709177
ck_053746067839696b,0.015468163157906606
ck_a15fe7d0f4b65c33,0.1582904086164963
ck_15de11438732bb05,0.01263448887316636
ck_2c4d25acbe3fabd9,0.025711396741678407
ck_7f08078908599bd2,0.021255757973491225
ck_e794741742fb2619,0.029819009983271735
ck_238e53b6dee8c301,0.002862934890956239
ck_53a6a33060d5c8b8,0.007725351969875045
ck_0e0919292ad33472,0.7348642861422009
ck_d86ccf148c06c8c8,0.03566852569112888
ck_c881f26c9bf9ae42,0.5359802434676149
ck_4b0947bf94e9d847,0.015453903603200928
ck_e10ff5c38bd18470,0.031265535666159985
ck_b60de9e97aad9e45,0.6754927749795815
ck_190bc849e5ff5401,0.06456121562552697
ck_e7be077aa0b2632c,0.006470812005675166
ck_a51abde881ebeff3,0.04254910044385059
ck_2208392a9f6bd249,0.01991347018031373
ck_0259da8f109017e9,0.007295644138120529
ck_05e01ab9c95449da,0.02124132795229916
ck_c82897ebffb6ae66,0.0042905529733042
ck_b4a6bb4689cd7cfa,0.024780847986334877
ck_9e21ea33018ce538,0.012053581465707543
ck_caa348f0e65db062,0.9118532602750008
ck_a964e6b5d8415334,0.36658618703209567
ck_510bfbbee37ff436,0.013927224457803726
ck_9741a82faf5c7889,0.01892330313731915
ck_e7f61b4a39ba98ac,0.005457955578121512
ck_069d158665a53909,0.01941572789381612
ck_6426427efe3228af,0.057681206861015
ck_ab4a8d02ec3c0fd7,0.002332228777180367
ck_aefa0d8d933e0eca,0.018589760081450066
ck_232325ef6bce92f1,0.03640227120885062
ck_14e58c3fb26a2b4d,0.015541161299508735
ck_06e73afdec26aecc,0.1260901899442146
ck_3168f4f2778d64e1,0.026656819037369783
ck_ff3998d6858daa21,0.002626919629733909
ck_bccff46fb0868454,0.30417135760385855
ck_c7d444d90fa86d7c,0.49585756677106885
ck_f0bc3bdee6bfbb94,0.03818345902478818
ck_f7112818a6d81422,0.028259066223364812
ck_aca35dbcb835ad02,0.05130168476059593
ck_f637fabf0f60528f,0.019087503137727693
ck_53d17ab97de1ac3e,0.007420213908251873
ck_c8c1bf16d9113493,0.031330332707374446
ck_e842fb0cf055a83b,0.06955682007988877
ck_93c0cb3dac4891fe,0.02444900724248819
ck_0c1f088e17e46daf,0.014047945175421923
ck_8f4b384955bf57c9,0.007357021456669943
ck_09cd5c4df1e81ac2,0.06829328290249152
ck_1e832a5b2342554f,0.09734252381508778
ck_2cb763a881aee27f,0.003933711104412995
ck_5875828b11406398,0.008863160201155693
ck_48e84b0cb0b90fa7,0.01416364446942807
ck_833688de8629c5c0,0.005834808535772956
ck_117d78ccd5820f36,0.018717892033330293
ck_668ec61c4c39cae3,0.004762080355432012
ck_73a7794b659d7a34,0.0061759995935717
ck_10f90d879209734f,0.032003128533806414
ck_d1d079913aa158bf,0.004902569872350625
ck_01c631b38e8a9535,0.00888157717089757
ck_f6923088c17a04e2,0.07816339023814217
ck_b447badc9138987d,0.0021258986570436953
ck_8b772caed8f1541c,0.028603998341706897
ck_5403c76fe68a08ba,0.1673572337706105
ck_3e6833574edf1736,0.03456124315792961
ck_e527fbb9450a4581,0.8343688115472595
ck_cc90e219f1ebf390,0.005550936631436119
